CodObr,NumPar,CodPar,RenPar,CanPar,PreUni,SubPar,HorHom,UniMat,UniEqu,UniMan,DiaCom,Puindi,PreSoc,AdmIni,Utilid,Financ,Divid1,DiaCo1,CapPar,RenDi2,fECiNI,Nota01,AplISV,Nota02,PorISV,STotMat,STotEqu,SSubMan,SPreSoc,STotB01,STotB02,StotB03,STotMan,SCosDir,SAdmini,SUtilid,SFinanc,SImpues,SHorHom,SDurDia,SCosHom,DiaIni,STotGas,STotPar,PreSoc2,STarCom,SSubMan2,SPreSoc2,CodGru
"576PDVS2",78,"EDF-0901",1.4000000000000000e+01,5.7600000000000000e+02,4.2562000000000000e+02," ",5.5954285714285716e+03,2.6500000000000000e+02,1.3899999999999999e+00,7.0069999999999993e+01,0.0000000000000000e+00,0.0000000000000000e+00,3.5000000000000000e+02,1.5000000000000000e+01,1.0000000000000000e+01,0.0000000000000000e+00,0.0000000000000000e+00,0.0000000000000000e+00," ",0.0000000000000000e+00,,,"P",,1.6000000000000000e+01,2.6500000000000000e+02,1.9519999999999996e+01,2.1800000000000000e+02,7.6300000000000000e+02,0.0000000000000000e+00,0.0000000000000000e+00,0.0000000000000000e+00,9.8100000000000000e+02,3.3645999999999998e+02,5.0469999999999999e+01,3.8689999999999998e+01,0.0000000000000000e+00,0.0000000000000000e+00,5.5954285714285716e+03,4.1142857142857146e+01,7.2130882352941157e+00,,0.0000000000000000e+00,2.4515712000000000e+05,0.0000000000000000e+00,0.0000000000000000e+00,0.0000000000000000e+00,0.0000000000000000e+00,
"576PDVS2",79,"P0000855",9.0000000000000000e+01,2.8800000000000000e+03,1.6369999999999999e+02," ",5.9520000000000000e+03,1.1320000000000000e+02,7.7000000000000002e-01,1.5440000000000000e+01,0.0000000000000000e+00,0.0000000000000000e+00,3.5000000000000000e+02,1.5000000000000000e+01,1.0000000000000000e+01,0.0000000000000000e+00,0.0000000000000000e+00,0.0000000000000000e+00," ",0.0000000000000000e+00,,,"P",,1.6000000000000000e+01,1.1320000000000000e+02,6.9619999999999990e+01,3.0875000000000000e+02,1.0806300000000001e+03,0.0000000000000000e+00,0.0000000000000000e+00,0.0000000000000000e+00,1.3893800000000001e+03,1.2941000000000000e+02,1.9410000000000000e+01,1.4880000000000001e+01,0.0000000000000000e+00,0.0000000000000000e+00,5.9520000000000000e+03,3.2000000000000000e+01,7.4709677419354836e+00,,0.0000000000000000e+00,4.7145600000000000e+05,0.0000000000000000e+00,0.0000000000000000e+00,0.0000000000000000e+00,0.0000000000000000e+00,
"576PDVS2",80,"P0000849",5.0000000000000000e+01,3.4560000000000000e+03,1.1083000000000000e+02," ",1.4929920000000002e+04,5.8730000000000004e+01,9.7999999999999998e-01,2.7899999999999999e+01,0.0000000000000000e+00,0.0000000000000000e+00,3.5000000000000000e+02,1.5000000000000000e+01,1.0000000000000000e+01,0.0000000000000000e+00,0.0000000000000000e+00,0.0000000000000000e+00," ",0.0000000000000000e+00,,,"P",,1.6000000000000000e+01,5.8730000000000004e+01,4.9219999999999999e+01,3.1000000000000000e+02,1.0850000000000000e+03,0.0000000000000000e+00,0.0000000000000000e+00,0.0000000000000000e+00,1.3950000000000000e+03,8.7609999999999999e+01,1.3140000000000001e+01,1.0080000000000000e+01,0.0000000000000000e+00,0.0000000000000000e+00,1.4929920000000002e+04,6.9120000000000005e+01,6.4583333333333321e+00,,0.0000000000000000e+00,3.8302847999999998e+05,0.0000000000000000e+00,0.0000000000000000e+00,0.0000000000000000e+00,0.0000000000000000e+00,
"576PDVS2",82,"P0000909",8.0000000000000000e+01,3.4560000000000000e+03,3.5090000000000003e+01," ",5.5296000000000004e+03,1.5000000000000000e+01,5.8999999999999997e-01,1.2150000000000000e+01,0.0000000000000000e+00,0.0000000000000000e+00,3.5000000000000000e+02,1.5000000000000000e+01,1.0000000000000000e+01,0.0000000000000000e+00,0.0000000000000000e+00,0.0000000000000000e+00," ",0.0000000000000000e+00,,,"P",,1.6000000000000000e+01,1.5000000000000000e+01,4.7090000000000003e+01,2.1600000000000000e+02,7.5600000000000000e+02,0.0000000000000000e+00,0.0000000000000000e+00,0.0000000000000000e+00,9.7200000000000000e+02,2.7740000000000002e+01,4.1600000000000001e+00,3.1899999999999999e+00,0.0000000000000000e+00,0.0000000000000000e+00,5.5296000000000004e+03,4.3200000000000003e+01,7.5937500000000000e+00,,0.0000000000000000e+00,1.2127103999999999e+05,0.0000000000000000e+00,0.0000000000000000e+00,0.0000000000000000e+00,0.0000000000000000e+00,
"576PDVS2",84,"P0000904",1.2000000000000000e+03,1.2000000000000000e+05,1.0630000000000001e+01," ",8.2400000000000000e+04,2.9800000000000004e+00,1.4999999999999999e-01,5.2699999999999996e+00,0.0000000000000000e+00,0.0000000000000000e+00,3.5000000000000000e+02,1.5000000000000000e+01,1.0000000000000000e+01,0.0000000000000000e+00,0.0000000000000000e+00,0.0000000000000000e+00," ",0.0000000000000000e+00,,,"P",,1.6000000000000000e+01,2.9800000000000004e+00,1.7494999999999999e+02,1.4040000000000000e+03,4.9140000000000000e+03,0.0000000000000000e+00,0.0000000000000000e+00,0.0000000000000000e+00,6.3180000000000000e+03,8.4000000000000004e+00,1.2600000000000000e+00,9.6999999999999997e-01,0.0000000000000000e+00,0.0000000000000000e+00,8.2400000000000000e+04,1.0000000000000000e+02,7.6747572815533980e+00,,0.0000000000000000e+00,1.2756000000000000e+06,0.0000000000000000e+00,0.0000000000000000e+00,0.0000000000000000e+00,0.0000000000000000e+00,
"576PDVS2",7,"*COMPC01",1.5000000000000000e+02,3.1480000000000000e+03,4.8519999999999996e+01," ",3.0220800000000004e+03,1.5000000000000000e+01,1.4600000000000000e+01,8.7599999999999998e+00,0.0000000000000000e+00,0.0000000000000000e+00,3.5000000000000000e+02,1.5000000000000000e+01,1.0000000000000000e+01,0.0000000000000000e+00,0.0000000000000000e+00,0.0000000000000000e+00," ",0.0000000000000000e+00,,,"P",,1.6000000000000000e+01,1.5000000000000000e+01,2.1896900000000001e+03,2.9200000000000000e+02,1.0220000000000000e+03,0.0000000000000000e+00,0.0000000000000000e+00,0.0000000000000000e+00,1.3140000000000000e+03,3.8359999999999999e+01,5.7500000000000000e+00,4.4100000000000001e+00,0.0000000000000000e+00,0.0000000000000000e+00,3.0220800000000004e+03,2.0986666666666668e+01,9.1249999999999982e+00,,0.0000000000000000e+00,1.5274095999999999e+05,0.0000000000000000e+00,0.0000000000000000e+00,0.0000000000000000e+00,0.0000000000000000e+00,
"576PDVS2",86,"P0000896",4.0000000000000000e+02,1.4400000000000000e+04,1.1660000000000000e+01," ",1.0080000000000000e+04,4.0000000000000000e+00,2.0000000000000000e-02,5.2000000000000002e+00,0.0000000000000000e+00,0.0000000000000000e+00,3.5000000000000000e+02,1.5000000000000000e+01,1.0000000000000000e+01,0.0000000000000000e+00,0.0000000000000000e+00,0.0000000000000000e+00," ",0.0000000000000000e+00,,,"P",,1.6000000000000000e+01,4.0000000000000000e+00,7.8000000000000007e+00,4.6200000000000000e+02,1.6170000000000000e+03,0.0000000000000000e+00,0.0000000000000000e+00,0.0000000000000000e+00,2.0790000000000000e+03,9.2200000000000006e+00,1.3799999999999999e+00,1.0600000000000001e+00,0.0000000000000000e+00,0.0000000000000000e+00,1.0080000000000000e+04,3.6000000000000000e+01,7.4285714285714288e+00,,0.0000000000000000e+00,1.6790400000000000e+05,0.0000000000000000e+00,0.0000000000000000e+00,0.0000000000000000e+00,0.0000000000000000e+00,
"576PDVS2",87,"P0000935",2.0000000000000000e+02,5.5505459999999999e+04,7.1600000000000001e+00," ",2.2202183999999997e+04,2.6200000000000001e+00,1.4000000000000001e-01,2.8999999999999999e+00,0.0000000000000000e+00,0.0000000000000000e+00,3.5000000000000000e+02,1.5000000000000000e+01,1.0000000000000000e+01,0.0000000000000000e+00,0.0000000000000000e+00,0.0000000000000000e+00," ",0.0000000000000000e+00,,,"P",,1.6000000000000000e+01,2.6200000000000001e+00,2.7489999999999998e+01,1.2900000000000000e+02,4.5150000000000000e+02,0.0000000000000000e+00,0.0000000000000000e+00,0.0000000000000000e+00,5.8050000000000000e+02,5.6600000000000001e+00,8.4999999999999998e-01,6.5000000000000002e-01,0.0000000000000000e+00,0.0000000000000000e+00,2.2202183999999997e+04,2.7752729999999997e+02,7.2500000000000009e+00,,0.0000000000000000e+00,3.9741909000000003e+05,0.0000000000000000e+00,0.0000000000000000e+00,0.0000000000000000e+00,0.0000000000000000e+00,
"576PDVS2",88,"P0000930",6.8000000000000000e+01,1.2500000000000000e+04,8.1500000000000004e+00," ",5.1470588235294117e+03,3.3000000000000003e+00,1.0000000000000001e-01,3.0400000000000000e+00,0.0000000000000000e+00,0.0000000000000000e+00,3.5000000000000000e+02,1.5000000000000000e+01,1.0000000000000000e+01,0.0000000000000000e+00,0.0000000000000000e+00,0.0000000000000000e+00," ",0.0000000000000000e+00,,,"P",,1.6000000000000000e+01,3.3000000000000003e+00,6.8599999999999994e+00,4.6000000000000000e+01,1.6100000000000000e+02,0.0000000000000000e+00,0.0000000000000000e+00,0.0000000000000000e+00,2.0700000000000000e+02,6.4400000000000004e+00,9.6999999999999997e-01,7.3999999999999999e-01,0.0000000000000000e+00,0.0000000000000000e+00,5.1470588235294117e+03,1.8382352941176470e+02,7.3828571428571426e+00,,0.0000000000000000e+00,1.0187500000000000e+05,0.0000000000000000e+00,0.0000000000000000e+00,0.0000000000000000e+00,0.0000000000000000e+00,
"576PDVS2",89,"P0000936",5.4000000000000000e+01,7.7760000000000000e+03,1.6960000000000001e+01," ",1.1520000000000000e+04,2.1499999999999999e+00,5.1000000000000001e-01,1.0750000000000000e+01,0.0000000000000000e+00,0.0000000000000000e+00,3.5000000000000000e+02,1.5000000000000000e+01,1.0000000000000000e+01,0.0000000000000000e+00,0.0000000000000000e+00,0.0000000000000000e+00," ",0.0000000000000000e+00,,,"P",,1.6000000000000000e+01,2.1499999999999999e+00,2.7479999999999997e+01,1.2900000000000000e+02,4.5150000000000000e+02,0.0000000000000000e+00,0.0000000000000000e+00,0.0000000000000000e+00,5.8050000000000000e+02,1.3410000000000000e+01,2.0099999999999998e+00,1.5400000000000000e+00,0.0000000000000000e+00,0.0000000000000000e+00,1.1520000000000000e+04,1.4400000000000000e+02,7.2562499999999996e+00,,0.0000000000000000e+00,1.3188095999999999e+05,0.0000000000000000e+00,0.0000000000000000e+00,0.0000000000000000e+00,0.0000000000000000e+00,
"576PDVS2",90,"P0002673",1.0000000000000000e+03,1.4400000000000000e+05,2.8700000000000001e+00," ",2.4192000000000000e+04,1.0100000000000000e+00,1.0000000000000000e-02,1.2500000000000000e+00,0.0000000000000000e+00,0.0000000000000000e+00,3.5000000000000000e+02,1.5000000000000000e+01,1.0000000000000000e+01,0.0000000000000000e+00,0.0000000000000000e+00,0.0000000000000000e+00," ",0.0000000000000000e+00,,,"P",,1.6000000000000000e+01,1.0100000000000000e+00,7.5500000000000007e+00,2.7800000000000000e+02,9.7300000000000000e+02,0.0000000000000000e+00,0.0000000000000000e+00,0.0000000000000000e+00,1.2510000000000000e+03,2.2700000000000000e+00,3.4000000000000002e-01,2.6000000000000001e-01,0.0000000000000000e+00,0.0000000000000000e+00,2.4192000000000000e+04,1.4400000000000000e+02,7.4404761904761907e+00,,0.0000000000000000e+00,4.1328000000000000e+05,0.0000000000000000e+00,0.0000000000000000e+00,0.0000000000000000e+00,0.0000000000000000e+00,
"576PDVS2",91,"P0002674",2.8000000000000000e+02,3.9272730000000003e+04,2.1699999999999999e+00," ",4.7688315000000011e+03,7.7000000000000002e-01,2.9999999999999999e-02,9.1000000000000003e-01,0.0000000000000000e+00,0.0000000000000000e+00,3.5000000000000000e+02,1.5000000000000000e+01,1.0000000000000000e+01,0.0000000000000000e+00,0.0000000000000000e+00,0.0000000000000000e+00," ",0.0000000000000000e+00,,,"P",,1.6000000000000000e+01,7.7000000000000002e-01,7.5500000000000007e+00,5.6500000000000000e+01,1.9775000000000000e+02,0.0000000000000000e+00,0.0000000000000000e+00,0.0000000000000000e+00,2.5425000000000000e+02,1.7100000000000000e+00,2.6000000000000001e-01,2.0000000000000001e-01,0.0000000000000000e+00,0.0000000000000000e+00,4.7688315000000011e+03,1.4025975000000003e+02,7.4941176470588218e+00,,0.0000000000000000e+00,8.5221820000000007e+04,0.0000000000000000e+00,0.0000000000000000e+00,0.0000000000000000e+00,0.0000000000000000e+00,
"576PDVS2",92,"*CABLE28",2.5000000000000000e+02,2.5500000000000000e+04,4.2400000000000002e+00," ",3.4680000000000000e+03,2.2700000000000000e+00,1.4999999999999999e-01,9.3000000000000005e-01,0.0000000000000000e+00,0.0000000000000000e+00,3.5000000000000000e+02,1.5000000000000000e+01,1.0000000000000000e+01,0.0000000000000000e+00,0.0000000000000000e+00,0.0000000000000000e+00," ",0.0000000000000000e+00,,,"P",,1.6000000000000000e+01,2.2700000000000000e+00,3.6399999999999999e+01,5.1649999999999999e+01,1.8078000000000000e+02,0.0000000000000000e+00,0.0000000000000000e+00,0.0000000000000000e+00,2.3243000000000001e+02,3.3500000000000001e+00,5.0000000000000000e-01,3.9000000000000001e-01,0.0000000000000000e+00,0.0000000000000000e+00,3.4680000000000000e+03,1.0200000000000000e+02,6.8382352941176467e+00,,0.0000000000000000e+00,1.0812000000000000e+05,0.0000000000000000e+00,0.0000000000000000e+00,0.0000000000000000e+00,0.0000000000000000e+00,
"576PDVS2",93,"P0001013",4.0000000000000000e+01,6.3360000000000000e+03,8.8200000000000003e+00," ",2.6611200000000003e+03,3.0600000000000001e+00,6.7000000000000004e-01,3.2400000000000002e+00,0.0000000000000000e+00,0.0000000000000000e+00,3.5000000000000000e+02,1.5000000000000000e+01,1.0000000000000000e+01,0.0000000000000000e+00,0.0000000000000000e+00,0.0000000000000000e+00," ",0.0000000000000000e+00,,,"P",,1.6000000000000000e+01,3.0600000000000001e+00,2.6690000000000001e+01,2.8800000000000001e+01,1.0080000000000000e+02,0.0000000000000000e+00,0.0000000000000000e+00,0.0000000000000000e+00,1.2959999999999999e+02,6.9700000000000006e+00,1.0500000000000000e+00,8.0000000000000004e-01,0.0000000000000000e+00,0.0000000000000000e+00,2.6611200000000003e+03,1.5840000000000001e+02,7.7142857142857144e+00,,0.0000000000000000e+00,5.5883519999999997e+04,0.0000000000000000e+00,0.0000000000000000e+00,0.0000000000000000e+00,0.0000000000000000e+00,
"576PDVS2",94,"P0001017",4.0000000000000000e+01,6.3360000000000000e+03,6.5700000000000003e+00," ",2.6611200000000003e+03,1.8000000000000000e+00,1.4999999999999999e-01,3.2400000000000002e+00,0.0000000000000000e+00,0.0000000000000000e+00,3.5000000000000000e+02,1.5000000000000000e+01,1.0000000000000000e+01,0.0000000000000000e+00,0.0000000000000000e+00,0.0000000000000000e+00," ",0.0000000000000000e+00,,,"P",,1.6000000000000000e+01,1.8000000000000000e+00,6.0299999999999994e+00,2.8800000000000001e+01,1.0080000000000000e+02,0.0000000000000000e+00,0.0000000000000000e+00,0.0000000000000000e+00,1.2959999999999999e+02,5.1900000000000004e+00,7.8000000000000003e-01,5.9999999999999998e-01,0.0000000000000000e+00,0.0000000000000000e+00,2.6611200000000003e+03,1.5840000000000001e+02,7.7142857142857144e+00,,0.0000000000000000e+00,4.1627519999999997e+04,0.0000000000000000e+00,0.0000000000000000e+00,0.0000000000000000e+00,0.0000000000000000e+00,
"576PDVS2",95,"P0001049",5.0000000000000000e+01,6.3360000000000000e+03,2.3460000000000001e+01," ",1.0137600000000000e+04,6.8399999999999999e+00,1.0000000000000001e-01,1.1609999999999999e+01,0.0000000000000000e+00,0.0000000000000000e+00,3.5000000000000000e+02,1.5000000000000000e+01,1.0000000000000000e+01,0.0000000000000000e+00,0.0000000000000000e+00,0.0000000000000000e+00," ",0.0000000000000000e+00,,,"P",,1.6000000000000000e+01,6.8399999999999999e+00,4.9099999999999993e+00,1.2900000000000000e+02,4.5150000000000000e+02,0.0000000000000000e+00,0.0000000000000000e+00,0.0000000000000000e+00,5.8050000000000000e+02,1.8550000000000001e+01,2.7799999999999998e+00,2.1299999999999999e+00,0.0000000000000000e+00,0.0000000000000000e+00,1.0137600000000000e+04,1.2672000000000000e+02,7.2562499999999988e+00,,0.0000000000000000e+00,1.4864256000000000e+05,0.0000000000000000e+00,0.0000000000000000e+00,0.0000000000000000e+00,0.0000000000000000e+00,
"576PDVS2",96,"P0001042",5.0000000000000000e+01,4.6080000000000000e+03,2.4090000000000000e+01," ",7.3727999999999993e+03,7.3399999999999999e+00,8.9999999999999997e-02,1.1609999999999999e+01,0.0000000000000000e+00,0.0000000000000000e+00,3.5000000000000000e+02,1.5000000000000000e+01,1.0000000000000000e+01,0.0000000000000000e+00,0.0000000000000000e+00,0.0000000000000000e+00," ",0.0000000000000000e+00,,,"P",,1.6000000000000000e+01,7.3399999999999999e+00,4.5199999999999996e+00,1.2900000000000000e+02,4.5150000000000000e+02,0.0000000000000000e+00,0.0000000000000000e+00,0.0000000000000000e+00,5.8050000000000000e+02,1.9039999999999999e+01,2.8599999999999999e+00,2.1899999999999999e+00,0.0000000000000000e+00,0.0000000000000000e+00,7.3727999999999993e+03,9.2159999999999997e+01,7.2562500000000005e+00,,0.0000000000000000e+00,1.1100672000000000e+05,0.0000000000000000e+00,0.0000000000000000e+00,0.0000000000000000e+00,0.0000000000000000e+00,
"576PDVS2",97,"P0001053",2.0000000000000000e+01,5.7600000000000000e+02,1.2928999999999999e+02," ",2.7878400000000001e+03,6.6129999999999995e+01,5.6999999999999995e-01,3.5509999999999998e+01,0.0000000000000000e+00,0.0000000000000000e+00,3.5000000000000000e+02,1.5000000000000000e+01,1.0000000000000000e+01,0.0000000000000000e+00,0.0000000000000000e+00,0.0000000000000000e+00," ",0.0000000000000000e+00,,,"P",,1.6000000000000000e+01,6.6129999999999995e+01,1.1430000000000000e+01,1.5780000000000001e+02,5.5229999999999995e+02,0.0000000000000000e+00,0.0000000000000000e+00,0.0000000000000000e+00,7.1010000000000002e+02,1.0220999999999999e+02,1.5330000000000000e+01,1.1750000000000000e+01,0.0000000000000000e+00,0.0000000000000000e+00,2.7878400000000001e+03,2.8800000000000001e+01,7.3367768595041314e+00,,0.0000000000000000e+00,7.4471039999999994e+04,0.0000000000000000e+00,0.0000000000000000e+00,0.0000000000000000e+00,0.0000000000000000e+00,
"576PDVS2",98,"BREAKER",2.8000000000000000e+01,5.7600000000000000e+02,3.8390000000000001e+01," ",3.7028571428571433e+02,2.5079999999999998e+01,2.0999999999999999e-01,5.0599999999999996e+00,0.0000000000000000e+00,0.0000000000000000e+00,3.5000000000000000e+02,1.5000000000000000e+01,1.0000000000000000e+01,0.0000000000000000e+00,0.0000000000000000e+00,0.0000000000000000e+00," ",0.0000000000000000e+00,,,"P",,1.6000000000000000e+01,2.5079999999999998e+01,6.0099999999999998e+00,3.1500000000000000e+01,1.1025000000000000e+02,0.0000000000000000e+00,0.0000000000000000e+00,0.0000000000000000e+00,1.4175000000000000e+02,3.0349999999999998e+01,4.5499999999999998e+00,3.4900000000000002e+00,0.0000000000000000e+00,0.0000000000000000e+00,3.7028571428571433e+02,2.0571428571428573e+01,7.8711111111111096e+00,,0.0000000000000000e+00,2.2112639999999999e+04,0.0000000000000000e+00,0.0000000000000000e+00,0.0000000000000000e+00,0.0000000000000000e+00,
"576PDVS2",99,"P0005133",2.8000000000000000e+01,2.3040000000000000e+03,2.1849999999999998e+01," ",1.4811428571428573e+03,1.2000000000000000e+01,2.0999999999999999e-01,5.0599999999999996e+00,0.0000000000000000e+00,0.0000000000000000e+00,3.5000000000000000e+02,1.5000000000000000e+01,1.0000000000000000e+01,0.0000000000000000e+00,0.0000000000000000e+00,0.0000000000000000e+00," ",0.0000000000000000e+00,,,"P",,1.6000000000000000e+01,1.2000000000000000e+01,6.0099999999999998e+00,3.1500000000000000e+01,1.1025000000000000e+02,0.0000000000000000e+00,0.0000000000000000e+00,0.0000000000000000e+00,1.4175000000000000e+02,1.7270000000000000e+01,2.5899999999999999e+00,1.9900000000000000e+00,0.0000000000000000e+00,0.0000000000000000e+00,1.4811428571428573e+03,8.2285714285714292e+01,7.8711111111111096e+00,,0.0000000000000000e+00,5.0342400000000001e+04,0.0000000000000000e+00,0.0000000000000000e+00,0.0000000000000000e+00,0.0000000000000000e+00,
"576PDVS2",100,"PAR0942",4.0000000000000000e+01,6.3360000000000000e+03,3.7160000000000004e+01," ",1.3939200000000001e+04,1.2090000000000000e+01,7.0000000000000007e-02,1.7210000000000001e+01,0.0000000000000000e+00,0.0000000000000000e+00,3.5000000000000000e+02,1.5000000000000000e+01,1.0000000000000000e+01,0.0000000000000000e+00,0.0000000000000000e+00,0.0000000000000000e+00," ",0.0000000000000000e+00,,,"P",,1.6000000000000000e+01,1.2090000000000000e+01,2.8500000000000001e+00,1.5300000000000000e+02,5.3550000000000000e+02,0.0000000000000000e+00,0.0000000000000000e+00,0.0000000000000000e+00,6.8850000000000000e+02,2.9370000000000001e+01,4.4100000000000001e+00,3.3799999999999999e+00,0.0000000000000000e+00,0.0000000000000000e+00,1.3939200000000001e+04,1.5840000000000001e+02,7.8227272727272732e+00,,0.0000000000000000e+00,2.3544576000000001e+05,0.0000000000000000e+00,0.0000000000000000e+00,0.0000000000000000e+00,0.0000000000000000e+00,
"576PDVS2",101,"CAJAMED",3.5000000000000000e+01,6.4000000000000000e+01,6.4502999999999997e+02," ",7.6068571428571431e+01,5.0000000000000000e+02,9.8999999999999999e-01,8.9100000000000001e+00,0.0000000000000000e+00,0.0000000000000000e+00,3.5000000000000000e+02,1.5000000000000000e+01,1.0000000000000000e+01,0.0000000000000000e+00,0.0000000000000000e+00,0.0000000000000000e+00," ",0.0000000000000000e+00,,,"P",,1.6000000000000000e+01,5.0000000000000000e+02,3.4799999999999997e+01,6.9299999999999997e+01,2.4255000000000001e+02,0.0000000000000000e+00,0.0000000000000000e+00,0.0000000000000000e+00,3.1185000000000002e+02,5.0989999999999998e+02,7.6489999999999995e+01,5.8640000000000001e+01,0.0000000000000000e+00,0.0000000000000000e+00,7.6068571428571431e+01,1.8285714285714285e+00,7.4963942307692308e+00,,0.0000000000000000e+00,4.1281919999999998e+04,0.0000000000000000e+00,0.0000000000000000e+00,0.0000000000000000e+00,0.0000000000000000e+00,
"576PDVS2",104,"P0005222",1.0000000000000000e+01,5.7600000000000000e+02,1.2170000000000000e+02," ",1.9584000000000001e+03,5.1750000000000000e+01,2.1280000000000001e+01,2.3180000000000000e+01,0.0000000000000000e+00,0.0000000000000000e+00,3.5000000000000000e+02,1.5000000000000000e+01,1.0000000000000000e+01,0.0000000000000000e+00,0.0000000000000000e+00,0.0000000000000000e+00," ",0.0000000000000000e+00,,,"P",,1.6000000000000000e+01,5.1750000000000000e+01,2.1281999999999999e+02,5.1500000000000000e+01,1.8025000000000000e+02,0.0000000000000000e+00,0.0000000000000000e+00,0.0000000000000000e+00,2.3175000000000000e+02,9.6210000000000008e+01,1.4430000000000000e+01,1.1060000000000000e+01,0.0000000000000000e+00,0.0000000000000000e+00,1.9584000000000001e+03,5.7600000000000001e+01,6.8176470588235292e+00,,0.0000000000000000e+00,7.0099199999999997e+04,0.0000000000000000e+00,0.0000000000000000e+00,0.0000000000000000e+00,0.0000000000000000e+00,
"576PDVS2",106,"P0001171",3.5000000000000000e+01,7.9579600000000000e+03,1.3430000000000000e+01," ",5.9116274285714289e+03,4.4399999999999995e+00,8.3999999999999997e-01,5.3399999999999999e+00,0.0000000000000000e+00,0.0000000000000000e+00,3.5000000000000000e+02,1.5000000000000000e+01,1.0000000000000000e+01,0.0000000000000000e+00,0.0000000000000000e+00,0.0000000000000000e+00," ",0.0000000000000000e+00,,,"P",,1.6000000000000000e+01,4.4399999999999995e+00,2.9350000000000001e+01,4.1500000000000000e+01,1.4525000000000000e+02,0.0000000000000000e+00,0.0000000000000000e+00,0.0000000000000000e+00,1.8675000000000000e+02,1.0619999999999999e+01,1.5900000000000001e+00,1.2200000000000000e+00,0.0000000000000000e+00,0.0000000000000000e+00,5.9116274285714289e+03,2.2737028571428573e+02,7.1884615384615378e+00,,0.0000000000000000e+00,1.0687539999999999e+05,0.0000000000000000e+00,0.0000000000000000e+00,0.0000000000000000e+00,0.0000000000000000e+00,
"576PDVS2",107,"P0001172",1.5000000000000000e+02,1.2276850000000000e+04,1.6700000000000003e+01," ",1.1949467333333334e+04,5.5900000000000007e+00,8.1000000000000005e-01,6.7999999999999998e+00,0.0000000000000000e+00,0.0000000000000000e+00,3.5000000000000000e+02,1.5000000000000000e+01,1.0000000000000000e+01,0.0000000000000000e+00,0.0000000000000000e+00,0.0000000000000000e+00," ",0.0000000000000000e+00,,,"P",,1.6000000000000000e+01,5.5900000000000007e+00,1.2143000000000001e+02,2.2650000000000000e+02,7.9275000000000000e+02,0.0000000000000000e+00,0.0000000000000000e+00,0.0000000000000000e+00,1.0192500000000000e+03,1.3200000000000001e+01,1.9800000000000000e+00,1.5200000000000000e+00,0.0000000000000000e+00,0.0000000000000000e+00,1.1949467333333334e+04,8.1845666666666673e+01,6.9863013698630132e+00,,0.0000000000000000e+00,2.0502339999999999e+05,0.0000000000000000e+00,0.0000000000000000e+00,0.0000000000000000e+00,0.0000000000000000e+00,
"576PDVS2",108,"P0001173",7.0000000000000000e+01,3.1675400000000000e+03,1.4199999999999999e+01," ",1.1765148571428572e+03,8.1400000000000006e+00,4.1999999999999998e-01,2.6699999999999999e+00,0.0000000000000000e+00,0.0000000000000000e+00,3.5000000000000000e+02,1.5000000000000000e+01,1.0000000000000000e+01,0.0000000000000000e+00,0.0000000000000000e+00,0.0000000000000000e+00," ",0.0000000000000000e+00,,,"N",,0.0000000000000000e+00,8.1400000000000006e+00,2.9350000000000001e+01,4.1500000000000000e+01,1.4525000000000000e+02,0.0000000000000000e+00,0.0000000000000000e+00,0.0000000000000000e+00,1.8675000000000000e+02,1.1230000000000000e+01,1.6799999999999999e+00,1.2900000000000000e+00,0.0000000000000000e+00,0.0000000000000000e+00,1.1765148571428572e+03,4.5250571428571426e+01,7.1884615384615378e+00,,0.0000000000000000e+00,4.4979070000000000e+04,0.0000000000000000e+00,0.0000000000000000e+00,0.0000000000000000e+00,0.0000000000000000e+00,
"576PDVS2",109,"P0001209",1.5000000000000000e+02,6.1895100000000002e+03,1.4230000000000000e+01," ",6.0244564000000009e+03,4.3499999999999996e+00,1.0000000000000001e-01,6.7999999999999998e+00,0.0000000000000000e+00,0.0000000000000000e+00,3.5000000000000000e+02,1.5000000000000000e+01,1.0000000000000000e+01,0.0000000000000000e+00,0.0000000000000000e+00,0.0000000000000000e+00," ",0.0000000000000000e+00,,,"N",,0.0000000000000000e+00,4.3499999999999996e+00,1.4409999999999998e+01,2.2650000000000000e+02,7.9275000000000000e+02,0.0000000000000000e+00,0.0000000000000000e+00,0.0000000000000000e+00,1.0192500000000000e+03,1.1250000000000000e+01,1.6899999999999999e+00,1.2900000000000000e+00,0.0000000000000000e+00,0.0000000000000000e+00,6.0244564000000009e+03,4.1263400000000004e+01,6.9863013698630123e+00,,0.0000000000000000e+00,8.8076729999999996e+04,0.0000000000000000e+00,0.0000000000000000e+00,0.0000000000000000e+00,0.0000000000000000e+00,
"576PDVS2",110,"P0001211",2.0000000000000000e+02,1.2379020000000000e+04,2.1680000000000000e+01," ",6.0657197999999999e+03,1.3430000000000000e+01,1.0000000000000001e-01,3.6099999999999999e+00,0.0000000000000000e+00,0.0000000000000000e+00,3.5000000000000000e+02,1.5000000000000000e+01,1.0000000000000000e+01,0.0000000000000000e+00,0.0000000000000000e+00,0.0000000000000000e+00," ",0.0000000000000000e+00,,,"N",,0.0000000000000000e+00,1.3430000000000000e+01,1.9510000000000002e+01,1.6050000000000000e+02,5.6175000000000000e+02,0.0000000000000000e+00,0.0000000000000000e+00,0.0000000000000000e+00,7.2225000000000000e+02,1.7140000000000001e+01,2.5699999999999998e+00,1.9700000000000000e+00,0.0000000000000000e+00,0.0000000000000000e+00,6.0657197999999999e+03,6.1895099999999999e+01,7.3673469387755102e+00,,0.0000000000000000e+00,2.6837715000000002e+05,0.0000000000000000e+00,0.0000000000000000e+00,0.0000000000000000e+00,0.0000000000000000e+00,
"576PDVS2",112,"P0001217",2.5000000000000000e+01,5.3052799999999997e+03,1.7879999999999999e+01," ",5.9419135999999999e+03,5.9899999999999993e+00,1.3000000000000000e-01,8.0099999999999998e+00,0.0000000000000000e+00,0.0000000000000000e+00,3.5000000000000000e+02,1.5000000000000000e+01,1.0000000000000000e+01,0.0000000000000000e+00,0.0000000000000000e+00,0.0000000000000000e+00," ",0.0000000000000000e+00,,,"P",,1.6000000000000000e+01,5.9899999999999993e+00,3.3200000000000003e+00,4.4500000000000000e+01,1.5575000000000000e+02,0.0000000000000000e+00,0.0000000000000000e+00,0.0000000000000000e+00,2.0025000000000000e+02,1.4129999999999999e+01,2.1200000000000001e+00,1.6299999999999999e+00,0.0000000000000000e+00,0.0000000000000000e+00,5.9419135999999999e+03,2.1221119999999999e+02,7.1517857142857135e+00,,0.0000000000000000e+00,9.4858410000000003e+04,0.0000000000000000e+00,0.0000000000000000e+00,0.0000000000000000e+00,0.0000000000000000e+00,
"576PDVS2",113,"P0001250",2.5000000000000000e+01,5.7600000000000000e+03,2.2780000000000001e+01," ",5.9904000000000005e+03,1.0390000000000001e+01,1.4999999999999999e-01,7.4699999999999998e+00,0.0000000000000000e+00,0.0000000000000000e+00,3.5000000000000000e+02,1.5000000000000000e+01,1.0000000000000000e+01,0.0000000000000000e+00,0.0000000000000000e+00,0.0000000000000000e+00," ",0.0000000000000000e+00,,,"P",,1.6000000000000000e+01,1.0390000000000001e+01,3.7999999999999998e+00,4.1500000000000000e+01,1.4525000000000000e+02,0.0000000000000000e+00,0.0000000000000000e+00,0.0000000000000000e+00,1.8675000000000000e+02,1.8010000000000002e+01,2.7000000000000002e+00,2.0699999999999998e+00,0.0000000000000000e+00,0.0000000000000000e+00,5.9904000000000005e+03,2.3040000000000001e+02,7.1826923076923066e+00,,0.0000000000000000e+00,1.3121279999999999e+05,0.0000000000000000e+00,0.0000000000000000e+00,0.0000000000000000e+00,0.0000000000000000e+00,
"576PDVS2",114,"P0001251",2.5000000000000000e+01,1.1520000000000000e+03,3.2689999999999998e+01," ",1.1980799999999999e+03,1.8219999999999999e+01,1.4999999999999999e-01,7.4699999999999998e+00,0.0000000000000000e+00,0.0000000000000000e+00,3.5000000000000000e+02,1.5000000000000000e+01,1.0000000000000000e+01,0.0000000000000000e+00,0.0000000000000000e+00,0.0000000000000000e+00," ",0.0000000000000000e+00,,,"P",,1.6000000000000000e+01,1.8219999999999999e+01,3.7999999999999998e+00,4.1500000000000000e+01,1.4525000000000000e+02,0.0000000000000000e+00,0.0000000000000000e+00,0.0000000000000000e+00,1.8675000000000000e+02,2.5840000000000000e+01,3.8799999999999999e+00,2.9700000000000002e+00,0.0000000000000000e+00,0.0000000000000000e+00,1.1980799999999999e+03,4.6079999999999998e+01,7.1826923076923084e+00,,0.0000000000000000e+00,3.7658879999999997e+04,0.0000000000000000e+00,0.0000000000000000e+00,0.0000000000000000e+00,0.0000000000000000e+00,
"576PDVS2",115,"P0002930",2.5000000000000000e+01,1.1520000000000000e+03,3.3399999999999999e+01," ",1.1059200000000001e+03,1.4100000000000000e+01,6.0000000000000000e+00,6.2999999999999998e+00,0.0000000000000000e+00,0.0000000000000000e+00,3.5000000000000000e+02,1.5000000000000000e+01,1.0000000000000000e+01,0.0000000000000000e+00,0.0000000000000000e+00,0.0000000000000000e+00," ",0.0000000000000000e+00,,,"P",,1.6000000000000000e+01,1.4100000000000000e+01,1.5000000000000000e+02,3.5000000000000000e+01,1.2250000000000000e+02,0.0000000000000000e+00,0.0000000000000000e+00,0.0000000000000000e+00,1.5750000000000000e+02,2.6399999999999999e+01,3.9600000000000000e+00,3.0400000000000000e+00,0.0000000000000000e+00,0.0000000000000000e+00,1.1059200000000001e+03,4.6079999999999998e+01,6.5624999999999991e+00,,0.0000000000000000e+00,3.8476800000000003e+04,0.0000000000000000e+00,0.0000000000000000e+00,0.0000000000000000e+00,0.0000000000000000e+00,
"576PDVS2",116,"P0005841",4.0000000000000000e+01,3.4560000000000000e+03,1.9640000000000001e+01," ",3.1104000000000001e+03,8.4000000000000004e+00,2.9999999999999999e-02,7.0899999999999999e+00,0.0000000000000000e+00,0.0000000000000000e+00,3.5000000000000000e+02,1.5000000000000000e+01,1.0000000000000000e+01,0.0000000000000000e+00,0.0000000000000000e+00,0.0000000000000000e+00," ",0.0000000000000000e+00,,,"P",,1.6000000000000000e+01,8.4000000000000004e+00,1.1099999999999999e+00,6.3000000000000000e+01,2.2050000000000000e+02,0.0000000000000000e+00,0.0000000000000000e+00,0.0000000000000000e+00,2.8350000000000000e+02,1.5520000000000000e+01,2.3300000000000001e+00,1.7900000000000000e+00,0.0000000000000000e+00,0.0000000000000000e+00,3.1104000000000001e+03,8.6400000000000006e+01,7.8777777777777782e+00,,0.0000000000000000e+00,6.7875839999999997e+04,0.0000000000000000e+00,0.0000000000000000e+00,0.0000000000000000e+00,0.0000000000000000e+00,
"576PDVS2",119,"P0001321",3.0000000000000000e+01,1.1520000000000000e+03,1.9750999999999999e+02," ",6.4511999999999998e+03,1.1287000000000000e+02,5.9999999999999998e-02,4.3200000000000003e+01,0.0000000000000000e+00,0.0000000000000000e+00,3.5000000000000000e+02,1.5000000000000000e+01,1.0000000000000000e+01,0.0000000000000000e+00,0.0000000000000000e+00,0.0000000000000000e+00," ",0.0000000000000000e+00,,,"P",,1.6000000000000000e+01,1.1287000000000000e+02,1.8000000000000000e+00,2.8800000000000000e+02,1.0080000000000000e+03,0.0000000000000000e+00,0.0000000000000000e+00,0.0000000000000000e+00,1.2960000000000000e+03,1.5613000000000000e+02,2.3420000000000002e+01,1.7960000000000001e+01,0.0000000000000000e+00,0.0000000000000000e+00,6.4511999999999998e+03,3.8399999999999999e+01,7.7142857142857144e+00,,0.0000000000000000e+00,2.2753151999999999e+05,0.0000000000000000e+00,0.0000000000000000e+00,0.0000000000000000e+00,0.0000000000000000e+00,
"576PDVS2",120,"P0002986",3.0000000000000000e+01,1.1520000000000000e+03,2.4691999999999999e+02," ",7.0655999999999995e+03,1.3813999999999999e+02,8.4499999999999993e+00,4.8600000000000001e+01,0.0000000000000000e+00,0.0000000000000000e+00,3.5000000000000000e+02,1.5000000000000000e+01,1.0000000000000000e+01,0.0000000000000000e+00,0.0000000000000000e+00,0.0000000000000000e+00," ",0.0000000000000000e+00,,,"P",,1.6000000000000000e+01,1.3813999999999999e+02,2.5357000000000002e+02,3.2400000000000000e+02,1.1340000000000000e+03,0.0000000000000000e+00,0.0000000000000000e+00,0.0000000000000000e+00,1.4580000000000000e+03,1.9519000000000000e+02,2.9280000000000001e+01,2.2449999999999999e+01,0.0000000000000000e+00,0.0000000000000000e+00,7.0655999999999995e+03,3.8399999999999999e+01,7.9239130434782625e+00,,0.0000000000000000e+00,2.8445184000000003e+05,0.0000000000000000e+00,0.0000000000000000e+00,0.0000000000000000e+00,0.0000000000000000e+00,
"576PDVS2",121,"P0001303",5.0000000000000000e+01,1.1520000000000000e+03,2.4035999999999999e+02," ",3.7324800000000000e+03,1.6525000000000000e+02,5.0000000000000003e-02,2.4710000000000001e+01,0.0000000000000000e+00,0.0000000000000000e+00,3.5000000000000000e+02,1.5000000000000000e+01,1.0000000000000000e+01,0.0000000000000000e+00,0.0000000000000000e+00,0.0000000000000000e+00," ",0.0000000000000000e+00,,,"P",,1.6000000000000000e+01,1.6525000000000000e+02,2.5099999999999998e+00,2.7450000000000000e+02,9.6075000000000000e+02,0.0000000000000000e+00,0.0000000000000000e+00,0.0000000000000000e+00,1.2352500000000000e+03,1.9000999999999999e+02,2.8500000000000000e+01,2.1850000000000001e+01,0.0000000000000000e+00,0.0000000000000000e+00,3.7324800000000000e+03,2.3039999999999999e+01,7.6265432098765435e+00,,0.0000000000000000e+00,2.7689471999999997e+05,0.0000000000000000e+00,0.0000000000000000e+00,0.0000000000000000e+00,0.0000000000000000e+00,
"576PDVS2",123,"P0005453",5.0000000000000000e+00,1.2800000000000000e+02,4.5169999999999999e+02," ",4.0960000000000002e+02,3.3000000000000000e+02,7.2800000000000002e+00,1.9800000000000001e+01,0.0000000000000000e+00,0.0000000000000000e+00,3.5000000000000000e+02,1.5000000000000000e+01,1.0000000000000000e+01,0.0000000000000000e+00,0.0000000000000000e+00,0.0000000000000000e+00," ",0.0000000000000000e+00,,,"P",,1.6000000000000000e+01,3.3000000000000000e+02,3.6399999999999999e+01,2.2000000000000000e+01,7.7000000000000000e+01,0.0000000000000000e+00,0.0000000000000000e+00,0.0000000000000000e+00,9.9000000000000000e+01,3.5707999999999998e+02,5.3560000000000002e+01,4.1060000000000002e+01,0.0000000000000000e+00,0.0000000000000000e+00,4.0960000000000002e+02,2.5600000000000001e+01,6.1875000000000000e+00,,0.0000000000000000e+00,5.7817599999999999e+04,0.0000000000000000e+00,0.0000000000000000e+00,0.0000000000000000e+00,0.0000000000000000e+00,
"576PDVS2",124,"P0005275",2.0000000000000000e+01,5.7600000000000000e+02,2.5960000000000002e+02," ",5.7600000000000000e+02,1.9144000000000000e+02,6.1299999999999999e+00,7.6500000000000004e+00,0.0000000000000000e+00,0.0000000000000000e+00,3.5000000000000000e+02,1.5000000000000000e+01,1.0000000000000000e+01,0.0000000000000000e+00,0.0000000000000000e+00,0.0000000000000000e+00," ",0.0000000000000000e+00,,,"P",,1.6000000000000000e+01,1.9144000000000000e+02,1.2256000000000000e+02,3.4000000000000000e+01,1.1900000000000000e+02,0.0000000000000000e+00,0.0000000000000000e+00,0.0000000000000000e+00,1.5300000000000000e+02,2.0522000000000000e+02,3.0780000000000001e+01,2.3600000000000001e+01,0.0000000000000000e+00,0.0000000000000000e+00,5.7600000000000000e+02,2.8800000000000001e+01,7.6500000000000012e+00,,0.0000000000000000e+00,1.4952960000000001e+05,0.0000000000000000e+00,0.0000000000000000e+00,0.0000000000000000e+00,0.0000000000000000e+00,
"576PDVS2",125,"P0005901",1.0000000000000000e+01,5.7600000000000000e+02,1.4109999999999999e+02," ",1.0368000000000000e+03,9.6739999999999995e+01,6.2000000000000000e-01,1.4180000000000000e+01,0.0000000000000000e+00,0.0000000000000000e+00,3.5000000000000000e+02,1.5000000000000000e+01,1.0000000000000000e+01,0.0000000000000000e+00,0.0000000000000000e+00,0.0000000000000000e+00," ",0.0000000000000000e+00,,,"P",,1.6000000000000000e+01,9.6739999999999995e+01,6.1899999999999995e+00,3.1500000000000000e+01,1.1025000000000000e+02,0.0000000000000000e+00,0.0000000000000000e+00,0.0000000000000000e+00,1.4175000000000000e+02,1.1153999999999999e+02,1.6730000000000000e+01,1.2830000000000000e+01,0.0000000000000000e+00,0.0000000000000000e+00,1.0368000000000000e+03,5.7600000000000001e+01,7.8777777777777782e+00,,0.0000000000000000e+00,8.1273600000000006e+04,0.0000000000000000e+00,0.0000000000000000e+00,0.0000000000000000e+00,0.0000000000000000e+00,
"576PDVS2",85,"P0000905",8.0000000000000000e+02,4.0123000000000000e+04,1.0200000000000001e+01," ",2.5277490000000002e+04,2.9800000000000004e+00,2.2000000000000000e-01,4.8600000000000003e+00,0.0000000000000000e+00,0.0000000000000000e+00,3.5000000000000000e+02,1.5000000000000000e+01,1.0000000000000000e+01,0.0000000000000000e+00,0.0000000000000000e+00,0.0000000000000000e+00," ",0.0000000000000000e+00,,,"P",,1.6000000000000000e+01,2.9800000000000004e+00,1.7494999999999999e+02,8.6400000000000000e+02,3.0240000000000000e+03,0.0000000000000000e+00,0.0000000000000000e+00,0.0000000000000000e+00,3.8880000000000000e+03,8.0600000000000005e+00,1.2100000000000000e+00,9.3000000000000005e-01,0.0000000000000000e+00,0.0000000000000000e+00,2.5277490000000002e+04,5.0153750000000002e+01,7.7142857142857135e+00,,0.0000000000000000e+00,4.0925459999999998e+05,0.0000000000000000e+00,0.0000000000000000e+00,0.0000000000000000e+00,0.0000000000000000e+00,
"576PDVS2",122,"P0001330",3.0000000000000000e+01,5.7600000000000000e+02,2.4517000000000002e+02," ",3.2255999999999999e+03,1.4781999999999999e+02,2.7900000000000000e+00,4.3200000000000003e+01,0.0000000000000000e+00,0.0000000000000000e+00,3.5000000000000000e+02,1.5000000000000000e+01,1.0000000000000000e+01,0.0000000000000000e+00,0.0000000000000000e+00,0.0000000000000000e+00," ",0.0000000000000000e+00,,,"P",,1.6000000000000000e+01,1.4781999999999999e+02,8.3709999999999994e+01,2.8800000000000000e+02,1.0080000000000000e+03,0.0000000000000000e+00,0.0000000000000000e+00,0.0000000000000000e+00,1.2960000000000000e+03,1.9381000000000000e+02,2.9070000000000000e+01,2.2289999999999999e+01,0.0000000000000000e+00,0.0000000000000000e+00,3.2255999999999999e+03,1.9199999999999999e+01,7.7142857142857144e+00,,0.0000000000000000e+00,1.4121792000000001e+05,0.0000000000000000e+00,0.0000000000000000e+00,0.0000000000000000e+00,0.0000000000000000e+00,
"576PDVS2",83,"CARPI10",1.5000000000000000e+01,5.7600000000000000e+02,5.0944000000000005e+02," ",9.9839999999999998e+02,3.8000000000000000e+02,1.1230000000000000e+01,1.1490000000000000e+01,0.0000000000000000e+00,0.0000000000000000e+00,3.5000000000000000e+02,1.5000000000000000e+01,1.0000000000000000e+01,0.0000000000000000e+00,0.0000000000000000e+00,0.0000000000000000e+00," ",0.0000000000000000e+00,,,"P",,1.6000000000000000e+01,3.8000000000000000e+02,1.6850999999999999e+02,3.8299999999999997e+01,1.3405000000000001e+02,0.0000000000000000e+00,0.0000000000000000e+00,0.0000000000000000e+00,1.7234999999999999e+02,4.0272000000000003e+02,6.0409999999999997e+01,4.6310000000000002e+01,0.0000000000000000e+00,0.0000000000000000e+00,9.9839999999999998e+02,3.8399999999999999e+01,6.6288461538461538e+00,,0.0000000000000000e+00,2.9343744000000000e+05,0.0000000000000000e+00,0.0000000000000000e+00,0.0000000000000000e+00,0.0000000000000000e+00,
"576PDVS2",81,"HERRE18",5.0000000000000000e+01,2.4500000000000000e+03,6.4209999999999994e+01," ",1.0584000000000000e+04,1.3390000000000001e+01,3.8900000000000001e+00,3.3479999999999997e+01,0.0000000000000000e+00,0.0000000000000000e+00,3.5000000000000000e+02,1.5000000000000000e+01,1.0000000000000000e+01,0.0000000000000000e+00,0.0000000000000000e+00,0.0000000000000000e+00," ",0.0000000000000000e+00,,,"P",,1.6000000000000000e+01,1.3390000000000001e+01,1.9459999999999999e+02,3.7200000000000000e+02,1.3020000000000000e+03,0.0000000000000000e+00,0.0000000000000000e+00,0.0000000000000000e+00,1.6740000000000000e+03,5.0759999999999998e+01,7.6100000000000003e+00,5.8399999999999999e+00,0.0000000000000000e+00,0.0000000000000000e+00,1.0584000000000000e+04,4.9000000000000000e+01,7.7499999999999982e+00,,0.0000000000000000e+00,1.5731450000000000e+05,0.0000000000000000e+00,0.0000000000000000e+00,0.0000000000000000e+00,0.0000000000000000e+00,
"576PDVS2",117,"TAPON",4.0000000000000000e+01,2.3040000000000000e+03,1.9640000000000001e+01," ",2.0735999999999999e+03,8.4000000000000004e+00,2.9999999999999999e-02,7.0899999999999999e+00,0.0000000000000000e+00,0.0000000000000000e+00,3.5000000000000000e+02,1.5000000000000000e+01,1.0000000000000000e+01,0.0000000000000000e+00,0.0000000000000000e+00,0.0000000000000000e+00," ",0.0000000000000000e+00,,,"P",,1.6000000000000000e+01,8.4000000000000004e+00,1.1099999999999999e+00,6.3000000000000000e+01,2.2050000000000000e+02,0.0000000000000000e+00,0.0000000000000000e+00,0.0000000000000000e+00,2.8350000000000000e+02,1.5520000000000000e+01,2.3300000000000001e+00,1.7900000000000000e+00,0.0000000000000000e+00,0.0000000000000000e+00,2.0735999999999999e+03,5.7600000000000001e+01,7.8777777777777782e+00,,0.0000000000000000e+00,4.5250559999999998e+04,0.0000000000000000e+00,0.0000000000000000e+00,0.0000000000000000e+00,0.0000000000000000e+00,
"576PDVS2",8,"*BACHEO7",1.6000000000000000e+02,2.8000000000000000e+03,1.2742000000000000e+02," ",1.6800000000000000e+03,7.8000000000000000e+01,1.8320000000000000e+01,4.4100000000000001e+00,0.0000000000000000e+00,0.0000000000000000e+00,3.5000000000000000e+02,1.5000000000000000e+01,1.0000000000000000e+01,0.0000000000000000e+00,0.0000000000000000e+00,0.0000000000000000e+00," ",0.0000000000000000e+00,,,"P",,1.6000000000000000e+01,7.8000000000000000e+01,2.9316199999999999e+03,1.5668000000000001e+02,5.4838000000000000e+02,0.0000000000000000e+00,0.0000000000000000e+00,0.0000000000000000e+00,7.0505999999999995e+02,1.0073000000000000e+02,1.5109999999999999e+01,1.1580000000000000e+01,0.0000000000000000e+00,0.0000000000000000e+00,1.6800000000000000e+03,1.7500000000000000e+01,7.3499999999999996e+00,,0.0000000000000000e+00,3.5677600000000000e+05,0.0000000000000000e+00,0.0000000000000000e+00,0.0000000000000000e+00,0.0000000000000000e+00,
"576PDVS2",9,"*PAVAS01",3.8000000000000000e+03,1.1200000000000000e+04,7.1200000000000001e+00," ",2.3578947368421052e+02,5.2500000000000000e+00,2.2000000000000000e-01,1.6000000000000000e-01,0.0000000000000000e+00,0.0000000000000000e+00,3.5000000000000000e+02,1.5000000000000000e+01,1.0000000000000000e+01,0.0000000000000000e+00,0.0000000000000000e+00,0.0000000000000000e+00," ",0.0000000000000000e+00,,,"N",,0.0000000000000000e+00,5.2500000000000000e+00,8.3793000000000006e+02,1.3888000000000000e+02,4.8607999999999998e+02,0.0000000000000000e+00,0.0000000000000000e+00,0.0000000000000000e+00,6.2496000000000004e+02,5.6299999999999999e+00,8.3999999999999997e-01,6.5000000000000002e-01,0.0000000000000000e+00,0.0000000000000000e+00,2.3578947368421052e+02,2.9473684210526314e+00,7.6000000000000005e+00,,0.0000000000000000e+00,7.9744000000000000e+04,0.0000000000000000e+00,0.0000000000000000e+00,0.0000000000000000e+00,0.0000000000000000e+00,
"576PDVS2",118,"TAPON1",8.0000000000000000e+02,1.1520000000000000e+03,3.3250000000000000e+01," ",1.4400000000000000e+02,2.5399999999999999e+01,0.0000000000000000e+00,8.9000000000000001e-01,0.0000000000000000e+00,0.0000000000000000e+00,3.5000000000000000e+02,1.5000000000000000e+01,1.0000000000000000e+01,0.0000000000000000e+00,0.0000000000000000e+00,0.0000000000000000e+00," ",0.0000000000000000e+00,,,"P",,1.6000000000000000e+01,2.5399999999999999e+01,1.1099999999999999e+00,1.5900000000000000e+02,5.5650000000000000e+02,0.0000000000000000e+00,0.0000000000000000e+00,0.0000000000000000e+00,7.1550000000000000e+02,2.6289999999999999e+01,3.9399999999999999e+00,3.0200000000000000e+00,0.0000000000000000e+00,0.0000000000000000e+00,1.4400000000000000e+02,1.4399999999999999e+00,7.1200000000000001e+00,,0.0000000000000000e+00,3.8304000000000000e+04,0.0000000000000000e+00,0.0000000000000000e+00,0.0000000000000000e+00,0.0000000000000000e+00,
"576PDVS2",111,"P0003578",1.0000000000000000e+02,1.4400000000000000e+03,5.0609999999999999e+01," ",6.0480000000000007e+02,3.3180000000000000e+01,3.8399999999999999e+00,2.9900000000000002e+00,0.0000000000000000e+00,0.0000000000000000e+00,3.5000000000000000e+02,1.5000000000000000e+01,1.0000000000000000e+01,0.0000000000000000e+00,0.0000000000000000e+00,0.0000000000000000e+00," ",0.0000000000000000e+00,,,"P",,1.6000000000000000e+01,3.3180000000000000e+01,3.8429000000000002e+02,6.6500000000000000e+01,2.3275000000000000e+02,0.0000000000000000e+00,0.0000000000000000e+00,0.0000000000000000e+00,2.9925000000000000e+02,4.0009999999999998e+01,6.0000000000000000e+00,4.5999999999999996e+00,0.0000000000000000e+00,0.0000000000000000e+00,6.0480000000000007e+02,1.4400000000000000e+01,7.1190476190476186e+00,,0.0000000000000000e+00,7.2878399999999994e+04,0.0000000000000000e+00,0.0000000000000000e+00,0.0000000000000000e+00,0.0000000000000000e+00,
"576PDVS2",126,"P0003579",1.5000000000000000e+02,5.0000000000000000e+03,3.5509999999999998e+01," ",4.0666666666666670e+03,2.0180000000000000e+01,2.5600000000000001e+00,5.3300000000000001e+00,0.0000000000000000e+00,0.0000000000000000e+00,3.5000000000000000e+02,1.5000000000000000e+01,1.0000000000000000e+01,0.0000000000000000e+00,0.0000000000000000e+00,0.0000000000000000e+00," ",0.0000000000000000e+00,,,"P",,1.6000000000000000e+01,2.0180000000000000e+01,3.8429000000000002e+02,1.7750000000000000e+02,6.2125000000000000e+02,0.0000000000000000e+00,0.0000000000000000e+00,0.0000000000000000e+00,7.9875000000000000e+02,2.8070000000000000e+01,4.2100000000000000e+00,3.2300000000000000e+00,0.0000000000000000e+00,0.0000000000000000e+00,4.0666666666666670e+03,3.3333333333333336e+01,6.5532786885245899e+00,,0.0000000000000000e+00,1.7755000000000000e+05,0.0000000000000000e+00,0.0000000000000000e+00,0.0000000000000000e+00,0.0000000000000000e+00,
"576PDVS2",127,"CAJAMED1",1.5000000000000000e+01,1.0000000000000000e+01,1.2924100000000001e+03," ",2.4533333333333331e+01,1.0000000000000000e+03,2.3199999999999998e+00,1.9350000000000001e+01,0.0000000000000000e+00,0.0000000000000000e+00,3.5000000000000000e+02,1.5000000000000000e+01,1.0000000000000000e+01,0.0000000000000000e+00,0.0000000000000000e+00,0.0000000000000000e+00," ",0.0000000000000000e+00,,,"N",,0.0000000000000000e+00,1.0000000000000000e+03,3.4799999999999997e+01,6.4500000000000000e+01,2.2575000000000000e+02,0.0000000000000000e+00,0.0000000000000000e+00,0.0000000000000000e+00,2.9025000000000000e+02,1.0216700000000000e+03,1.5325000000000000e+02,1.1748999999999999e+02,0.0000000000000000e+00,0.0000000000000000e+00,2.4533333333333331e+01,6.6666666666666663e-01,7.8872282608695654e+00,,0.0000000000000000e+00,1.2924100000000000e+04,0.0000000000000000e+00,0.0000000000000000e+00,0.0000000000000000e+00,0.0000000000000000e+00,
"576PDVS2",128,"CAJAMED2",1.5000000000000000e+01,9.6000000000000000e+01,6.0931000000000006e+02," ",2.3551999999999998e+02,4.6000000000000000e+02,2.3199999999999998e+00,1.9350000000000001e+01,0.0000000000000000e+00,0.0000000000000000e+00,3.5000000000000000e+02,1.5000000000000000e+01,1.0000000000000000e+01,0.0000000000000000e+00,0.0000000000000000e+00,0.0000000000000000e+00," ",0.0000000000000000e+00,,,"P",,1.6000000000000000e+01,4.6000000000000000e+02,3.4799999999999997e+01,6.4500000000000000e+01,2.2575000000000000e+02,0.0000000000000000e+00,0.0000000000000000e+00,0.0000000000000000e+00,2.9025000000000000e+02,4.8167000000000002e+02,7.2250000000000000e+01,5.5390000000000001e+01,0.0000000000000000e+00,0.0000000000000000e+00,2.3551999999999998e+02,6.4000000000000004e+00,7.8872282608695663e+00,,0.0000000000000000e+00,5.8493760000000002e+04,0.0000000000000000e+00,0.0000000000000000e+00,0.0000000000000000e+00,0.0000000000000000e+00,
"576PDVS2",102,"PAR0986",5.0000000000000000e+01,5.7600000000000000e+02,3.6539999999999999e+01," ",9.2159999999999991e+02,1.5210000000000001e+01,2.9999999999999999e-02,1.3650000000000000e+01,0.0000000000000000e+00,0.0000000000000000e+00,3.5000000000000000e+02,1.5000000000000000e+01,1.0000000000000000e+01,0.0000000000000000e+00,0.0000000000000000e+00,0.0000000000000000e+00," ",0.0000000000000000e+00,,,"P",,1.6000000000000000e+01,1.5210000000000001e+01,1.7100000000000002e+00,1.5172000000000000e+02,5.3101999999999998e+02,0.0000000000000000e+00,0.0000000000000000e+00,0.0000000000000000e+00,6.8274000000000001e+02,2.8890000000000001e+01,4.3300000000000001e+00,3.3199999999999998e+00,0.0000000000000000e+00,0.0000000000000000e+00,9.2159999999999991e+02,1.1520000000000000e+01,8.5312500000000018e+00,,0.0000000000000000e+00,2.1047040000000001e+04,0.0000000000000000e+00,0.0000000000000000e+00,0.0000000000000000e+00,0.0000000000000000e+00,
"576PDVS2",103,"TUBECOBR",1.2000000000000000e+02,2.8800000000000000e+03,2.6730000000000000e+01," ",2.9280000000000000e+03,1.0930000000000000e+01,3.0899999999999999e+00,7.1100000000000003e+00,0.0000000000000000e+00,0.0000000000000000e+00,3.5000000000000000e+02,1.5000000000000000e+01,1.0000000000000000e+01,0.0000000000000000e+00,0.0000000000000000e+00,0.0000000000000000e+00," ",0.0000000000000000e+00,,,"P",,1.6000000000000000e+01,1.0930000000000000e+01,3.7039999999999998e+02,1.8950000000000000e+02,6.6325000000000000e+02,0.0000000000000000e+00,0.0000000000000000e+00,0.0000000000000000e+00,8.5275000000000000e+02,2.1129999999999999e+01,3.1699999999999999e+00,2.4300000000000002e+00,0.0000000000000000e+00,0.0000000000000000e+00,2.9280000000000000e+03,2.4000000000000000e+01,6.9934426229508198e+00,,0.0000000000000000e+00,7.6982399999999994e+04,0.0000000000000000e+00,0.0000000000000000e+00,0.0000000000000000e+00,0.0000000000000000e+00,
"576PDVS2",105,"COCINA",5.0000000000000000e+00,5.7600000000000000e+02,1.6075000000000000e+02," ",1.8432000000000000e+03,1.0000000000000000e+02,7.2800000000000002e+00,1.9800000000000001e+01,0.0000000000000000e+00,0.0000000000000000e+00,3.5000000000000000e+02,1.5000000000000000e+01,1.0000000000000000e+01,0.0000000000000000e+00,0.0000000000000000e+00,0.0000000000000000e+00," ",0.0000000000000000e+00,,,"N",,0.0000000000000000e+00,1.0000000000000000e+02,3.6399999999999999e+01,2.2000000000000000e+01,7.7000000000000000e+01,0.0000000000000000e+00,0.0000000000000000e+00,0.0000000000000000e+00,9.9000000000000000e+01,1.2708000000000000e+02,1.9059999999999999e+01,1.4609999999999999e+01,0.0000000000000000e+00,0.0000000000000000e+00,1.8432000000000000e+03,1.1520000000000000e+02,6.1875000000000000e+00,,0.0000000000000000e+00,9.2592000000000000e+04,0.0000000000000000e+00,0.0000000000000000e+00,0.0000000000000000e+00,0.0000000000000000e+00,
"576PDVS2",5,"P0005858",4.5000000000000000e+02,7.5480000000000000e+03,5.3500000000000005e+00," ",1.0466559999999999e+03,0.0000000000000000e+00,3.1299999999999999e+00,1.1000000000000001e+00,0.0000000000000000e+00,0.0000000000000000e+00,3.5000000000000000e+02,1.5000000000000000e+01,1.0000000000000000e+01,0.0000000000000000e+00,0.0000000000000000e+00,0.0000000000000000e+00," ",0.0000000000000000e+00,,,"P",,1.6000000000000000e+01,0.0000000000000000e+00,1.4100000000000000e+03,1.0959999999999999e+02,3.8360000000000002e+02,0.0000000000000000e+00,0.0000000000000000e+00,0.0000000000000000e+00,4.9319999999999999e+02,4.2300000000000004e+00,6.3000000000000000e-01,4.8999999999999999e-01,0.0000000000000000e+00,0.0000000000000000e+00,1.0466559999999999e+03,1.6773333333333333e+01,7.9326923076923093e+00,,0.0000000000000000e+00,4.0381800000000003e+04,0.0000000000000000e+00,0.0000000000000000e+00,0.0000000000000000e+00,0.0000000000000000e+00,
"576PDVS2",6,"LAI499",4.0000000000000000e+01,1.7370000000000000e+03,6.3430000000000000e+01," ",1.1290500000000000e+03,4.1600000000000001e+01,4.3799999999999999e+00,4.1600000000000001e+00,0.0000000000000000e+00,0.0000000000000000e+00,3.5000000000000000e+02,1.5000000000000000e+01,1.0000000000000000e+01,0.0000000000000000e+00,0.0000000000000000e+00,0.0000000000000000e+00," ",0.0000000000000000e+00,,,"P",,1.6000000000000000e+01,4.1600000000000001e+01,1.7506000000000000e+02,3.7000000000000000e+01,1.2950000000000000e+02,0.0000000000000000e+00,0.0000000000000000e+00,0.0000000000000000e+00,1.6650000000000000e+02,5.0140000000000001e+01,7.5199999999999996e+00,5.7699999999999996e+00,0.0000000000000000e+00,0.0000000000000000e+00,1.1290500000000000e+03,4.3424999999999997e+01,6.4000000000000004e+00,,0.0000000000000000e+00,1.1017791000000000e+05,0.0000000000000000e+00,0.0000000000000000e+00,0.0000000000000000e+00,0.0000000000000000e+00,
"576PDVS2",10,"*ARMRE07",5.0000000000000000e+02,9.6000000000000000e+03,8.9199999999999999e+00," ",1.3823999999999999e+03,6.2500000000000000e+00,1.4999999999999999e-01,6.5000000000000002e-01,0.0000000000000000e+00,0.0000000000000000e+00,3.5000000000000000e+02,1.5000000000000000e+01,1.0000000000000000e+01,0.0000000000000000e+00,0.0000000000000000e+00,0.0000000000000000e+00," ",0.0000000000000000e+00,,,"P",,1.6000000000000000e+01,6.2500000000000000e+00,7.5379999999999995e+01,7.2229999999999990e+01,2.5281000000000000e+02,0.0000000000000000e+00,0.0000000000000000e+00,0.0000000000000000e+00,3.2504000000000002e+02,7.0499999999999998e+00,1.0600000000000001e+00,8.1000000000000005e-01,0.0000000000000000e+00,0.0000000000000000e+00,1.3823999999999999e+03,1.9199999999999999e+01,4.5138888888888893e+00,,0.0000000000000000e+00,8.5632000000000000e+04,0.0000000000000000e+00,0.0000000000000000e+00,0.0000000000000000e+00,0.0000000000000000e+00,
"576PDVS2",11,"P0002329",1.2000000000000000e+02,7.0000000000000000e+02,5.1540000000000006e+01," ",5.1333333333333326e+02,3.4450000000000003e+01,1.0800000000000001e+00,5.2100000000000000e+00,0.0000000000000000e+00,0.0000000000000000e+00,3.5000000000000000e+02,1.5000000000000000e+01,1.0000000000000000e+01,0.0000000000000000e+00,0.0000000000000000e+00,0.0000000000000000e+00," ",0.0000000000000000e+00,,,"P",,1.6000000000000000e+01,3.4450000000000003e+01,1.2903999999999999e+02,1.3900000000000000e+02,4.8650000000000000e+02,0.0000000000000000e+00,0.0000000000000000e+00,0.0000000000000000e+00,6.2550000000000000e+02,4.0740000000000002e+01,6.1100000000000003e+00,4.6900000000000004e+00,0.0000000000000000e+00,0.0000000000000000e+00,5.1333333333333326e+02,5.8333333333333330e+00,7.1045454545454554e+00,,0.0000000000000000e+00,3.6078000000000000e+04,0.0000000000000000e+00,0.0000000000000000e+00,0.0000000000000000e+00,0.0000000000000000e+00,
"576PDVS2",12,"P0001367",8.6000000000000000e+01,5.6000000000000000e+02,2.2645000000000002e+02," ",1.4065116279069769e+03,1.3980000000000001e+02,2.1309999999999999e+01,1.7899999999999999e+01,0.0000000000000000e+00,0.0000000000000000e+00,3.5000000000000000e+02,1.5000000000000000e+01,1.0000000000000000e+01,0.0000000000000000e+00,0.0000000000000000e+00,0.0000000000000000e+00," ",0.0000000000000000e+00,,,"P",,1.6000000000000000e+01,1.3980000000000001e+02,1.8323399999999999e+03,3.4200000000000000e+02,1.1970000000000000e+03,0.0000000000000000e+00,0.0000000000000000e+00,0.0000000000000000e+00,1.5390000000000000e+03,1.7901000000000002e+02,2.6850000000000001e+01,2.0590000000000000e+01,0.0000000000000000e+00,0.0000000000000000e+00,1.4065116279069769e+03,6.5116279069767442e+00,7.1268518518518515e+00,,0.0000000000000000e+00,1.2681200000000000e+05,0.0000000000000000e+00,0.0000000000000000e+00,0.0000000000000000e+00,0.0000000000000000e+00,
"576PDVS2",13,"*OBREX33",1.4000000000000000e+01,3.3500000000000000e+02,1.8950000000000000e+02," ",2.1057142857142858e+03,8.8079999999999998e+01,1.2539999999999999e+01,4.9180000000000000e+01,0.0000000000000000e+00,0.0000000000000000e+00,3.5000000000000000e+02,1.5000000000000000e+01,1.0000000000000000e+01,0.0000000000000000e+00,0.0000000000000000e+00,0.0000000000000000e+00," ",0.0000000000000000e+00,,,"P",,1.6000000000000000e+01,8.8079999999999998e+01,1.7553000000000000e+02,1.5300000000000000e+02,5.3550000000000000e+02,0.0000000000000000e+00,0.0000000000000000e+00,0.0000000000000000e+00,6.8850000000000000e+02,1.4980000000000001e+02,2.2469999999999999e+01,1.7230000000000000e+01,0.0000000000000000e+00,0.0000000000000000e+00,2.1057142857142858e+03,2.3928571428571427e+01,7.8240909090909083e+00,,0.0000000000000000e+00,6.3482500000000000e+04,0.0000000000000000e+00,0.0000000000000000e+00,0.0000000000000000e+00,0.0000000000000000e+00,
"576PDVS2",14,"*OBREX30",1.4000000000000000e+01,2.4000000000000000e+02,1.9120000000000002e+02," ",1.5085714285714284e+03,8.8079999999999998e+01,1.3890000000000001e+01,4.9180000000000000e+01,0.0000000000000000e+00,0.0000000000000000e+00,3.5000000000000000e+02,1.5000000000000000e+01,1.0000000000000000e+01,0.0000000000000000e+00,0.0000000000000000e+00,0.0000000000000000e+00," ",0.0000000000000000e+00,,,"P",,1.6000000000000000e+01,8.8079999999999998e+01,1.9443000000000001e+02,1.5300000000000000e+02,5.3550000000000000e+02,0.0000000000000000e+00,0.0000000000000000e+00,0.0000000000000000e+00,6.8850000000000000e+02,1.5115000000000001e+02,2.2670000000000002e+01,1.7379999999999999e+01,0.0000000000000000e+00,0.0000000000000000e+00,1.5085714285714284e+03,1.7142857142857142e+01,7.8240909090909101e+00,,0.0000000000000000e+00,4.5888000000000000e+04,0.0000000000000000e+00,0.0000000000000000e+00,0.0000000000000000e+00,0.0000000000000000e+00,
"576PDVS2",15,"OBREX30",6.0000000000000000e+01,3.2500000000000000e+03,6.9819999999999993e+01," ",1.4083333333333333e+03,5.2000000000000000e+01,2.0000000000000000e-02,3.1699999999999999e+00,0.0000000000000000e+00,0.0000000000000000e+00,3.5000000000000000e+02,1.5000000000000000e+01,1.0000000000000000e+01,0.0000000000000000e+00,0.0000000000000000e+00,0.0000000000000000e+00," ",0.0000000000000000e+00,,,"P",,1.6000000000000000e+01,5.2000000000000000e+01,1.0100000000000000e+00,4.2250000000000000e+01,1.4788000000000000e+02,0.0000000000000000e+00,0.0000000000000000e+00,0.0000000000000000e+00,1.9013000000000000e+02,5.5189999999999998e+01,8.2799999999999994e+00,6.3499999999999996e+00,0.0000000000000000e+00,0.0000000000000000e+00,1.4083333333333333e+03,5.4166666666666664e+01,7.3153846153846160e+00,,0.0000000000000000e+00,2.2691500000000000e+05,0.0000000000000000e+00,0.0000000000000000e+00,0.0000000000000000e+00,0.0000000000000000e+00,
"576PDVS2",16,"LAI490",4.0000000000000000e+02,1.6180000000000000e+03,3.0899999999999999e+00," ",1.2944000000000000e+02,1.1100000000000001e+00,6.3000000000000000e-01,6.9999999999999996e-01,0.0000000000000000e+00,0.0000000000000000e+00,3.5000000000000000e+02,1.5000000000000000e+01,1.0000000000000000e+01,0.0000000000000000e+00,0.0000000000000000e+00,0.0000000000000000e+00," ",0.0000000000000000e+00,,,"P",,1.6000000000000000e+01,1.1100000000000001e+00,2.5240000000000001e+02,6.2000000000000000e+01,2.1700000000000000e+02,0.0000000000000000e+00,0.0000000000000000e+00,0.0000000000000000e+00,2.7900000000000000e+02,2.4399999999999999e+00,3.7000000000000000e-01,2.8000000000000003e-01,0.0000000000000000e+00,0.0000000000000000e+00,1.2944000000000000e+02,4.0449999999999999e+00,8.7500000000000000e+00,,0.0000000000000000e+00,4.9996199999999999e+03,0.0000000000000000e+00,0.0000000000000000e+00,0.0000000000000000e+00,0.0000000000000000e+00,
"576PDVS2",17,"P0000164",6.0000000000000000e+01,1.0014600000000000e+03,2.1379999999999999e+01," ",1.2685159999999998e+03,0.0000000000000000e+00,8.4199999999999999e+00,8.4800000000000004e+00,0.0000000000000000e+00,0.0000000000000000e+00,3.5000000000000000e+02,1.5000000000000000e+01,1.0000000000000000e+01,0.0000000000000000e+00,0.0000000000000000e+00,0.0000000000000000e+00," ",0.0000000000000000e+00,,,"P",,1.6000000000000000e+01,0.0000000000000000e+00,5.0536000000000001e+02,1.1300000000000000e+02,3.9550000000000000e+02,0.0000000000000000e+00,0.0000000000000000e+00,0.0000000000000000e+00,5.0850000000000000e+02,1.6899999999999999e+01,2.5400000000000000e+00,1.9399999999999999e+00,0.0000000000000000e+00,0.0000000000000000e+00,1.2685159999999998e+03,1.6690999999999999e+01,6.6947368421052644e+00,,0.0000000000000000e+00,2.1411209999999999e+04,0.0000000000000000e+00,0.0000000000000000e+00,0.0000000000000000e+00,0.0000000000000000e+00,
"576PDVS2",18,"BOTE1",1.0000000000000000e+02,8.1123999999999996e+03,6.6399999999999997e+00," ",4.2184479999999994e+03,0.0000000000000000e+00,1.8700000000000001e+00,3.3799999999999999e+00,0.0000000000000000e+00,0.0000000000000000e+00,3.5000000000000000e+02,1.5000000000000000e+01,1.0000000000000000e+01,0.0000000000000000e+00,0.0000000000000000e+00,0.0000000000000000e+00," ",0.0000000000000000e+00,,,"P",,1.6000000000000000e+01,0.0000000000000000e+00,1.8668000000000001e+02,7.5000000000000000e+01,2.6250000000000000e+02,0.0000000000000000e+00,0.0000000000000000e+00,0.0000000000000000e+00,3.3750000000000000e+02,5.2500000000000000e+00,7.9000000000000004e-01,5.9999999999999998e-01,0.0000000000000000e+00,0.0000000000000000e+00,4.2184479999999994e+03,8.1123999999999995e+01,6.5000000000000000e+00,,0.0000000000000000e+00,5.3866339999999997e+04,0.0000000000000000e+00,0.0000000000000000e+00,0.0000000000000000e+00,0.0000000000000000e+00,
"576PDVS2",19,"LAI499",4.0000000000000000e+01,6.6760000000000005e+01,6.3430000000000000e+01," ",4.3393999999999998e+01,4.1600000000000001e+01,4.3799999999999999e+00,4.1600000000000001e+00,0.0000000000000000e+00,0.0000000000000000e+00,3.5000000000000000e+02,1.5000000000000000e+01,1.0000000000000000e+01,0.0000000000000000e+00,0.0000000000000000e+00,0.0000000000000000e+00," ",0.0000000000000000e+00,,,"P",,1.6000000000000000e+01,4.1600000000000001e+01,1.7506000000000000e+02,3.7000000000000000e+01,1.2950000000000000e+02,0.0000000000000000e+00,0.0000000000000000e+00,0.0000000000000000e+00,1.6650000000000000e+02,5.0140000000000001e+01,7.5199999999999996e+00,5.7699999999999996e+00,0.0000000000000000e+00,0.0000000000000000e+00,4.3393999999999998e+01,1.6690000000000000e+00,6.4000000000000004e+00,,0.0000000000000000e+00,4.2345900000000001e+03,0.0000000000000000e+00,0.0000000000000000e+00,0.0000000000000000e+00,0.0000000000000000e+00,
"576PDVS2",20,"P0001661",4.5000000000000000e+01,4.0581999999999999e+02,3.0649999999999999e+01," ",3.9680177777777777e+02,1.3650000000000000e+01,4.3799999999999999e+00,6.2000000000000002e+00,0.0000000000000000e+00,0.0000000000000000e+00,3.5000000000000000e+02,1.5000000000000000e+01,1.0000000000000000e+01,0.0000000000000000e+00,0.0000000000000000e+00,0.0000000000000000e+00," ",0.0000000000000000e+00,,,"P",,1.6000000000000000e+01,1.3650000000000000e+01,1.9703000000000000e+02,6.2000000000000000e+01,2.1700000000000000e+02,0.0000000000000000e+00,0.0000000000000000e+00,0.0000000000000000e+00,2.7900000000000000e+02,2.4230000000000000e+01,3.6299999999999999e+00,2.7900000000000000e+00,0.0000000000000000e+00,0.0000000000000000e+00,3.9680177777777777e+02,9.0182222222222226e+00,6.3409090909090908e+00,,0.0000000000000000e+00,1.2438379999999999e+04,0.0000000000000000e+00,0.0000000000000000e+00,0.0000000000000000e+00,0.0000000000000000e+00,
"576PDVS2",21,"P0002002",3.7500000000000000e+01,1.3353000000000000e+02,3.0129999999999999e+01," ",3.7032319999999999e+02,2.0999999999999999e-01,6.5700000000000003e+00,1.7039999999999999e+01,0.0000000000000000e+00,0.0000000000000000e+00,3.5000000000000000e+02,1.5000000000000000e+01,1.0000000000000000e+01,0.0000000000000000e+00,0.0000000000000000e+00,0.0000000000000000e+00," ",0.0000000000000000e+00,,,"P",,1.6000000000000000e+01,2.0999999999999999e-01,2.4623999999999998e+02,1.4200000000000000e+02,4.9700000000000000e+02,0.0000000000000000e+00,0.0000000000000000e+00,0.0000000000000000e+00,6.3900000000000000e+02,2.3820000000000000e+01,3.5699999999999998e+00,2.7400000000000002e+00,0.0000000000000000e+00,0.0000000000000000e+00,3.7032319999999999e+02,3.5608000000000000e+00,6.1442307692307701e+00,,0.0000000000000000e+00,4.0232600000000002e+03,0.0000000000000000e+00,0.0000000000000000e+00,0.0000000000000000e+00,0.0000000000000000e+00,
"576PDVS2",22,"UP333",3.0000000000000000e+01,1.1127300000000000e+03,6.3359999999999999e+01," ",1.8545500000000000e+03,3.6100000000000001e+01,2.2900000000000000e+00,1.1699999999999999e+01,0.0000000000000000e+00,0.0000000000000000e+00,3.5000000000000000e+02,1.5000000000000000e+01,1.0000000000000000e+01,0.0000000000000000e+00,0.0000000000000000e+00,0.0000000000000000e+00," ",0.0000000000000000e+00,,,"P",,1.6000000000000000e+01,3.6100000000000001e+01,6.8570000000000007e+01,7.8000000000000000e+01,2.7300000000000000e+02,0.0000000000000000e+00,0.0000000000000000e+00,0.0000000000000000e+00,3.5100000000000000e+02,5.0090000000000003e+01,7.5099999999999998e+00,5.7599999999999998e+00,0.0000000000000000e+00,0.0000000000000000e+00,1.8545500000000000e+03,3.7091000000000001e+01,7.0199999999999996e+00,,0.0000000000000000e+00,7.0502570000000007e+04,0.0000000000000000e+00,0.0000000000000000e+00,0.0000000000000000e+00,0.0000000000000000e+00,
"576PDVS2",23,"LAI530",3.0000000000000000e+00,4.8000000000000000e+01,6.6754999999999995e+02," ",8.3200000000000000e+02,3.7882999999999998e+02,3.6369999999999997e+01,1.1250000000000000e+02,0.0000000000000000e+00,0.0000000000000000e+00,3.5000000000000000e+02,1.5000000000000000e+01,1.0000000000000000e+01,0.0000000000000000e+00,0.0000000000000000e+00,0.0000000000000000e+00," ",0.0000000000000000e+00,,,"P",,1.6000000000000000e+01,3.7882999999999998e+02,1.0911000000000000e+02,7.5000000000000000e+01,2.6250000000000000e+02,0.0000000000000000e+00,0.0000000000000000e+00,0.0000000000000000e+00,3.3750000000000000e+02,5.2769999999999993e+02,7.9159999999999997e+01,6.0689999999999998e+01,0.0000000000000000e+00,0.0000000000000000e+00,8.3200000000000000e+02,1.6000000000000000e+01,6.4903846153846150e+00,,0.0000000000000000e+00,3.2042400000000001e+04,0.0000000000000000e+00,0.0000000000000000e+00,0.0000000000000000e+00,0.0000000000000000e+00,
"576PDVS2",24,"P0004769",1.0000000000000000e+01,1.2000000000000000e+01,2.6931999999999999e+02," ",1.2480000000000000e+02,1.1158000000000000e+02,2.9770000000000000e+01,7.1549999999999997e+01,0.0000000000000000e+00,0.0000000000000000e+00,3.5000000000000000e+02,1.5000000000000000e+01,1.0000000000000000e+01,0.0000000000000000e+00,0.0000000000000000e+00,0.0000000000000000e+00," ",0.0000000000000000e+00,,,"P",,1.6000000000000000e+01,1.1158000000000000e+02,2.9770999999999998e+02,1.5900000000000000e+02,5.5650000000000000e+02,0.0000000000000000e+00,0.0000000000000000e+00,0.0000000000000000e+00,7.1550000000000000e+02,2.1290000000000001e+02,3.1940000000000001e+01,2.4480000000000000e+01,0.0000000000000000e+00,0.0000000000000000e+00,1.2480000000000000e+02,1.2000000000000000e+00,6.8798076923076916e+00,,0.0000000000000000e+00,3.2318400000000001e+03,0.0000000000000000e+00,0.0000000000000000e+00,0.0000000000000000e+00,0.0000000000000000e+00,
"576PDVS2",25,"P0005722",3.0000000000000000e+00,1.4000000000000000e+01,5.9575999999999999e+02," ",1.4000000000000000e+02,3.6289999999999998e+02,4.2060000000000002e+01,6.6000000000000000e+01,0.0000000000000000e+00,0.0000000000000000e+00,3.5000000000000000e+02,1.5000000000000000e+01,1.0000000000000000e+01,0.0000000000000000e+00,0.0000000000000000e+00,0.0000000000000000e+00," ",0.0000000000000000e+00,,,"P",,1.6000000000000000e+01,3.6289999999999998e+02,1.2619000000000000e+02,4.4000000000000000e+01,1.5400000000000000e+02,0.0000000000000000e+00,0.0000000000000000e+00,0.0000000000000000e+00,1.9800000000000000e+02,4.7095999999999998e+02,7.0640000000000001e+01,5.4159999999999997e+01,0.0000000000000000e+00,0.0000000000000000e+00,1.4000000000000000e+02,4.6666666666666670e+00,6.5999999999999996e+00,,0.0000000000000000e+00,8.3406399999999994e+03,0.0000000000000000e+00,0.0000000000000000e+00,0.0000000000000000e+00,0.0000000000000000e+00,
"576PDVS2",26,"P0003198",2.0000000000000000e+00,1.3090000000000000e+01,7.1462000000000000e+02," ",2.4871000000000001e+02,3.7581000000000000e+02,6.3100000000000001e+01,1.2600000000000000e+02,0.0000000000000000e+00,0.0000000000000000e+00,3.5000000000000000e+02,1.5000000000000000e+01,1.0000000000000000e+01,0.0000000000000000e+00,0.0000000000000000e+00,0.0000000000000000e+00," ",0.0000000000000000e+00,,,"P",,1.6000000000000000e+01,3.7581000000000000e+02,1.2619000000000000e+02,5.6000000000000000e+01,1.9600000000000000e+02,0.0000000000000000e+00,0.0000000000000000e+00,0.0000000000000000e+00,2.5200000000000000e+02,5.6490999999999997e+02,8.4739999999999995e+01,6.4969999999999999e+01,0.0000000000000000e+00,0.0000000000000000e+00,2.4871000000000001e+02,6.5449999999999999e+00,6.6315789473684204e+00,,0.0000000000000000e+00,9.3543799999999992e+03,0.0000000000000000e+00,0.0000000000000000e+00,0.0000000000000000e+00,0.0000000000000000e+00,
"576PDVS2",27,"P0004757",5.0000000000000000e+00,1.4000000000000000e+01,4.1731000000000000e+02," ",7.2799999999999997e+01,2.9644999999999999e+02,5.8999999999999997e-01,3.2850000000000001e+01,0.0000000000000000e+00,0.0000000000000000e+00,3.5000000000000000e+02,1.5000000000000000e+01,1.0000000000000000e+01,0.0000000000000000e+00,0.0000000000000000e+00,0.0000000000000000e+00," ",0.0000000000000000e+00,,,"P",,1.6000000000000000e+01,2.9644999999999999e+02,2.9700000000000002e+00,3.6500000000000000e+01,1.2775000000000000e+02,0.0000000000000000e+00,0.0000000000000000e+00,0.0000000000000000e+00,1.6425000000000000e+02,3.2988999999999999e+02,4.9479999999999997e+01,3.7939999999999998e+01,0.0000000000000000e+00,0.0000000000000000e+00,7.2799999999999997e+01,2.7999999999999998e+00,6.3173076923076934e+00,,0.0000000000000000e+00,5.8423400000000001e+03,0.0000000000000000e+00,0.0000000000000000e+00,0.0000000000000000e+00,0.0000000000000000e+00,
"576PDVS2",28,"LAI531",3.3500000000000000e+02,1.1127300000000000e+03,3.0900000000000003e+00," ",1.5943594029850746e+02,5.9000000000000008e-01,7.5000000000000000e-01,1.1000000000000001e+00,0.0000000000000000e+00,0.0000000000000000e+00,3.5000000000000000e+02,1.5000000000000000e+01,1.0000000000000000e+01,0.0000000000000000e+00,0.0000000000000000e+00,0.0000000000000000e+00," ",0.0000000000000000e+00,,,"P",,1.6000000000000000e+01,5.9000000000000008e-01,2.5240000000000001e+02,8.2000000000000000e+01,2.8700000000000000e+02,0.0000000000000000e+00,0.0000000000000000e+00,0.0000000000000000e+00,3.6900000000000000e+02,2.4400000000000004e+00,3.7000000000000000e-01,2.8000000000000003e-01,0.0000000000000000e+00,0.0000000000000000e+00,1.5943594029850746e+02,3.3215820895522388e+00,7.6770833333333348e+00,,0.0000000000000000e+00,3.4383400000000001e+03,0.0000000000000000e+00,0.0000000000000000e+00,0.0000000000000000e+00,0.0000000000000000e+00,
"576PDVS2",29,"P0000164",6.0000000000000000e+01,4.0057999999999998e+02,2.1379999999999999e+01," ",5.0740133333333330e+02,0.0000000000000000e+00,8.4199999999999999e+00,8.4800000000000004e+00,0.0000000000000000e+00,0.0000000000000000e+00,3.5000000000000000e+02,1.5000000000000000e+01,1.0000000000000000e+01,0.0000000000000000e+00,0.0000000000000000e+00,0.0000000000000000e+00," ",0.0000000000000000e+00,,,"P",,1.6000000000000000e+01,0.0000000000000000e+00,5.0536000000000001e+02,1.1300000000000000e+02,3.9550000000000000e+02,0.0000000000000000e+00,0.0000000000000000e+00,0.0000000000000000e+00,5.0850000000000000e+02,1.6899999999999999e+01,2.5400000000000000e+00,1.9399999999999999e+00,0.0000000000000000e+00,0.0000000000000000e+00,5.0740133333333330e+02,6.6763333333333330e+00,6.6947368421052635e+00,,0.0000000000000000e+00,8.5643999999999996e+03,0.0000000000000000e+00,0.0000000000000000e+00,0.0000000000000000e+00,0.0000000000000000e+00,
"576PDVS2",30,"P0000173",5.0000000000000000e+01,6.6760000000000005e+01,2.2660000000000000e+01," ",1.3886080000000001e+02,2.0999999999999999e-01,4.9199999999999999e+00,1.2779999999999999e+01,0.0000000000000000e+00,0.0000000000000000e+00,3.5000000000000000e+02,1.5000000000000000e+01,1.0000000000000000e+01,0.0000000000000000e+00,0.0000000000000000e+00,0.0000000000000000e+00," ",0.0000000000000000e+00,,,"P",,1.6000000000000000e+01,2.0999999999999999e-01,2.4623999999999998e+02,1.4200000000000000e+02,4.9700000000000000e+02,0.0000000000000000e+00,0.0000000000000000e+00,0.0000000000000000e+00,6.3900000000000000e+02,1.7910000000000000e+01,2.6899999999999999e+00,2.0600000000000001e+00,0.0000000000000000e+00,0.0000000000000000e+00,1.3886080000000001e+02,1.3352000000000002e+00,6.1442307692307692e+00,,0.0000000000000000e+00,1.5127800000000000e+03,0.0000000000000000e+00,0.0000000000000000e+00,0.0000000000000000e+00,0.0000000000000000e+00,
"576PDVS2",31,"P0003576",1.0000000000000000e+02,1.1127300000000000e+03,5.0609999999999999e+01," ",4.6734660000000002e+02,3.3180000000000000e+01,3.8399999999999999e+00,2.9900000000000002e+00,0.0000000000000000e+00,0.0000000000000000e+00,3.5000000000000000e+02,1.5000000000000000e+01,1.0000000000000000e+01,0.0000000000000000e+00,0.0000000000000000e+00,0.0000000000000000e+00," ",0.0000000000000000e+00,,,"P",,1.6000000000000000e+01,3.3180000000000000e+01,3.8429000000000002e+02,6.6500000000000000e+01,2.3275000000000000e+02,0.0000000000000000e+00,0.0000000000000000e+00,0.0000000000000000e+00,2.9925000000000000e+02,4.0009999999999998e+01,6.0000000000000000e+00,4.5999999999999996e+00,0.0000000000000000e+00,0.0000000000000000e+00,4.6734660000000002e+02,1.1127300000000000e+01,7.1190476190476195e+00,,0.0000000000000000e+00,5.6315269999999997e+04,0.0000000000000000e+00,0.0000000000000000e+00,0.0000000000000000e+00,0.0000000000000000e+00,
"576PDVS2",32,"P0003606",1.0000000000000000e+01,5.2000000000000000e+01,9.3849999999999994e+01," ",8.3200000000000003e+01,5.3539999999999999e+01,8.5000000000000000e+00,1.2150000000000000e+01,0.0000000000000000e+00,0.0000000000000000e+00,3.5000000000000000e+02,1.5000000000000000e+01,1.0000000000000000e+01,0.0000000000000000e+00,0.0000000000000000e+00,0.0000000000000000e+00," ",0.0000000000000000e+00,,,"P",,1.6000000000000000e+01,5.3539999999999999e+01,8.5000000000000000e+01,2.7000000000000000e+01,9.4500000000000000e+01,0.0000000000000000e+00,0.0000000000000000e+00,0.0000000000000000e+00,1.2150000000000000e+02,7.4189999999999998e+01,1.1130000000000001e+01,8.5299999999999994e+00,0.0000000000000000e+00,0.0000000000000000e+00,8.3200000000000003e+01,5.2000000000000002e+00,7.5937500000000009e+00,,0.0000000000000000e+00,4.8801999999999998e+03,0.0000000000000000e+00,0.0000000000000000e+00,0.0000000000000000e+00,0.0000000000000000e+00,
"576PDVS2",33,"P0003641",1.0000000000000000e+01,5.2000000000000000e+01,7.3280000000000001e+01," ",8.3200000000000003e+01,3.8180000000000000e+01,8.5000000000000000e+00,1.1250000000000000e+01,0.0000000000000000e+00,0.0000000000000000e+00,3.5000000000000000e+02,1.5000000000000000e+01,1.0000000000000000e+01,0.0000000000000000e+00,0.0000000000000000e+00,0.0000000000000000e+00," ",0.0000000000000000e+00,,,"P",,1.6000000000000000e+01,3.8180000000000000e+01,8.5000000000000000e+01,2.5000000000000000e+01,8.7500000000000000e+01,0.0000000000000000e+00,0.0000000000000000e+00,0.0000000000000000e+00,1.1250000000000000e+02,5.7930000000000000e+01,8.6899999999999995e+00,6.6600000000000001e+00,0.0000000000000000e+00,0.0000000000000000e+00,8.3200000000000003e+01,5.2000000000000002e+00,7.0312500000000000e+00,,0.0000000000000000e+00,3.8105599999999999e+03,0.0000000000000000e+00,0.0000000000000000e+00,0.0000000000000000e+00,0.0000000000000000e+00,
"576PDVS2",34,"LIC006",1.2000000000000000e+01,5.7600000000000000e+02,5.9300000000000004e+01," ",1.6320000000000000e+03,1.6500000000000000e+01,1.0880000000000001e+01,1.9500000000000000e+01,0.0000000000000000e+00,0.0000000000000000e+00,3.5000000000000000e+02,1.5000000000000000e+01,1.0000000000000000e+01,0.0000000000000000e+00,0.0000000000000000e+00,0.0000000000000000e+00," ",0.0000000000000000e+00,,,"P",,1.6000000000000000e+01,1.6500000000000000e+01,1.3056000000000000e+02,5.2000000000000000e+01,1.8200000000000000e+02,0.0000000000000000e+00,0.0000000000000000e+00,0.0000000000000000e+00,2.3400000000000000e+02,4.6880000000000003e+01,7.0300000000000002e+00,5.3899999999999997e+00,0.0000000000000000e+00,0.0000000000000000e+00,1.6320000000000000e+03,4.8000000000000000e+01,6.8823529411764710e+00,,0.0000000000000000e+00,3.4156800000000003e+04,0.0000000000000000e+00,0.0000000000000000e+00,0.0000000000000000e+00,0.0000000000000000e+00,
"576PDVS2",35,"P0005861",6.0000000000000000e+00,1.3000000000000000e+01,1.9783600000000001e+03," ",1.0833333333333333e+02,1.4892300000000000e+03,8.8599999999999994e+00,6.5829999999999998e+01,0.0000000000000000e+00,0.0000000000000000e+00,3.5000000000000000e+02,1.5000000000000000e+01,1.0000000000000000e+01,0.0000000000000000e+00,0.0000000000000000e+00,0.0000000000000000e+00," ",0.0000000000000000e+00,,,"P",,1.6000000000000000e+01,1.4892300000000000e+03,5.3170000000000002e+01,8.7770000000000010e+01,3.0719999999999999e+02,0.0000000000000000e+00,0.0000000000000000e+00,0.0000000000000000e+00,3.9497000000000003e+02,1.5639200000000001e+03,2.3459000000000000e+02,1.7984999999999999e+02,0.0000000000000000e+00,0.0000000000000000e+00,1.0833333333333333e+02,2.1666666666666665e+00,7.8996000000000004e+00,,0.0000000000000000e+00,2.5718680000000000e+04,0.0000000000000000e+00,0.0000000000000000e+00,0.0000000000000000e+00,0.0000000000000000e+00,
"576PDVS2",36,"P0005862",1.0000000000000000e+01,1.4000000000000000e+01,2.6936799999999998e+03," ",1.0080000000000000e+02,2.0605799999999999e+03,1.7960000000000001e+01,5.0850000000000001e+01,0.0000000000000000e+00,0.0000000000000000e+00,3.5000000000000000e+02,1.5000000000000000e+01,1.0000000000000000e+01,0.0000000000000000e+00,0.0000000000000000e+00,0.0000000000000000e+00," ",0.0000000000000000e+00,,,"P",,1.6000000000000000e+01,2.0605799999999999e+03,1.7958000000000001e+02,1.1300000000000000e+02,3.9550000000000000e+02,0.0000000000000000e+00,0.0000000000000000e+00,0.0000000000000000e+00,5.0850000000000000e+02,2.1293899999999999e+03,3.1941000000000003e+02,2.4488000000000000e+02,0.0000000000000000e+00,0.0000000000000000e+00,1.0080000000000000e+02,1.3999999999999999e+00,7.0625000000000000e+00,,0.0000000000000000e+00,3.7711519999999997e+04,0.0000000000000000e+00,0.0000000000000000e+00,0.0000000000000000e+00,0.0000000000000000e+00,
"576PDVS2",37,"P0005896",3.0000000000000000e+00,5.2000000000000000e+01,1.8173100000000002e+03," ",8.6666666666666663e+02,1.2122300000000000e+03,9.2719999999999999e+01,1.3166000000000000e+02,0.0000000000000000e+00,0.0000000000000000e+00,3.5000000000000000e+02,1.5000000000000000e+01,1.0000000000000000e+01,0.0000000000000000e+00,0.0000000000000000e+00,0.0000000000000000e+00," ",0.0000000000000000e+00,,,"P",,1.6000000000000000e+01,1.2122300000000000e+03,2.7817000000000002e+02,8.7770000000000010e+01,3.0719999999999999e+02,0.0000000000000000e+00,0.0000000000000000e+00,0.0000000000000000e+00,3.9497000000000003e+02,1.4366100000000001e+03,2.1549000000000001e+02,1.6521000000000001e+02,0.0000000000000000e+00,0.0000000000000000e+00,8.6666666666666663e+02,1.7333333333333332e+01,7.8996000000000004e+00,,0.0000000000000000e+00,9.4500119999999995e+04,0.0000000000000000e+00,0.0000000000000000e+00,0.0000000000000000e+00,0.0000000000000000e+00,
"576PDVS2",38,"ESTRUC27",1.0000000000000000e+01,8.0000000000000000e+00,2.7293500000000004e+03," ",7.0400000000000006e+01,2.0602800000000002e+03,3.2960000000000001e+01,6.4349999999999994e+01,0.0000000000000000e+00,0.0000000000000000e+00,3.5000000000000000e+02,1.5000000000000000e+01,1.0000000000000000e+01,0.0000000000000000e+00,0.0000000000000000e+00,0.0000000000000000e+00," ",0.0000000000000000e+00,,,"P",,1.6000000000000000e+01,2.0602800000000002e+03,3.2957999999999998e+02,1.4300000000000000e+02,5.0050000000000000e+02,0.0000000000000000e+00,0.0000000000000000e+00,0.0000000000000000e+00,6.4350000000000000e+02,2.1575900000000001e+03,3.2363999999999999e+02,2.4812000000000000e+02,0.0000000000000000e+00,0.0000000000000000e+00,7.0400000000000006e+01,8.0000000000000004e-01,7.3124999999999991e+00,,0.0000000000000000e+00,2.1834799999999999e+04,0.0000000000000000e+00,0.0000000000000000e+00,0.0000000000000000e+00,0.0000000000000000e+00,
"576PDVS2",39,"P0005864",2.0000000000000000e+01,2.6000000000000000e+01,1.5621500000000001e+03," ",5.4080000000000005e+01,1.2185200000000000e+03,7.9000000000000004e-01,1.5590000000000000e+01,0.0000000000000000e+00,0.0000000000000000e+00,3.5000000000000000e+02,1.5000000000000000e+01,1.0000000000000000e+01,0.0000000000000000e+00,0.0000000000000000e+00,0.0000000000000000e+00," ",0.0000000000000000e+00,,,"P",,1.6000000000000000e+01,1.2185200000000000e+03,1.5869999999999999e+01,6.9299999999999997e+01,2.4255000000000001e+02,0.0000000000000000e+00,0.0000000000000000e+00,0.0000000000000000e+00,3.1185000000000002e+02,1.2349000000000001e+03,1.8524000000000001e+02,1.4200999999999999e+02,0.0000000000000000e+00,0.0000000000000000e+00,5.4080000000000005e+01,1.3000000000000000e+00,7.4951923076923066e+00,,0.0000000000000000e+00,4.0615900000000001e+04,0.0000000000000000e+00,0.0000000000000000e+00,0.0000000000000000e+00,0.0000000000000000e+00,
"576PDVS2",40,"P0005865",2.0000000000000000e+01,2.0000000000000000e+01,1.2598199999999999e+03," ",4.1600000000000001e+01,9.7951999999999998e+02,7.9000000000000004e-01,1.5590000000000000e+01,0.0000000000000000e+00,0.0000000000000000e+00,3.5000000000000000e+02,1.5000000000000000e+01,1.0000000000000000e+01,0.0000000000000000e+00,0.0000000000000000e+00,0.0000000000000000e+00," ",0.0000000000000000e+00,,,"P",,1.6000000000000000e+01,9.7951999999999998e+02,1.5869999999999999e+01,6.9299999999999997e+01,2.4255000000000001e+02,0.0000000000000000e+00,0.0000000000000000e+00,0.0000000000000000e+00,3.1185000000000002e+02,9.9589999999999998e+02,1.4938999999999999e+02,1.1453000000000000e+02,0.0000000000000000e+00,0.0000000000000000e+00,4.1600000000000001e+01,1.0000000000000000e+00,7.4951923076923075e+00,,0.0000000000000000e+00,2.5196400000000001e+04,0.0000000000000000e+00,0.0000000000000000e+00,0.0000000000000000e+00,0.0000000000000000e+00,
"576PDVS2",41,"P0005866",4.0000000000000000e+01,4.3200000000000000e+02,9.2600000000000009e+01," ",4.4928000000000003e+02,6.5000000000000000e+01,4.0000000000000002e-01,7.7999999999999998e+00,0.0000000000000000e+00,0.0000000000000000e+00,3.5000000000000000e+02,1.5000000000000000e+01,1.0000000000000000e+01,0.0000000000000000e+00,0.0000000000000000e+00,0.0000000000000000e+00," ",0.0000000000000000e+00,,,"P",,1.6000000000000000e+01,6.5000000000000000e+01,1.5869999999999999e+01,6.9299999999999997e+01,2.4255000000000001e+02,0.0000000000000000e+00,0.0000000000000000e+00,0.0000000000000000e+00,3.1185000000000002e+02,7.3200000000000003e+01,1.0980000000000000e+01,8.4199999999999999e+00,0.0000000000000000e+00,0.0000000000000000e+00,4.4928000000000003e+02,1.0800000000000001e+01,7.4999999999999991e+00,,0.0000000000000000e+00,4.0003199999999997e+04,0.0000000000000000e+00,0.0000000000000000e+00,0.0000000000000000e+00,0.0000000000000000e+00,
"576PDVS2",42,"P0005868",3.0000000000000000e+00,2.4000000000000000e+01,1.3353309999999999e+04," ",6.0800000000000000e+02,1.0272000000000000e+04,8.3719999999999999e+01,2.0025000000000000e+02,0.0000000000000000e+00,0.0000000000000000e+00,3.5000000000000000e+02,1.5000000000000000e+01,1.0000000000000000e+01,0.0000000000000000e+00,0.0000000000000000e+00,0.0000000000000000e+00," ",0.0000000000000000e+00,,,"P",,1.6000000000000000e+01,1.0272000000000000e+04,2.5116999999999999e+02,1.3350000000000000e+02,4.6725000000000000e+02,0.0000000000000000e+00,0.0000000000000000e+00,0.0000000000000000e+00,6.0075000000000000e+02,1.0555969999999999e+04,1.5834000000000001e+03,1.2139400000000001e+03,0.0000000000000000e+00,0.0000000000000000e+00,6.0800000000000000e+02,8.0000000000000000e+00,7.9046052631578947e+00,,0.0000000000000000e+00,3.2047944000000000e+05,0.0000000000000000e+00,0.0000000000000000e+00,0.0000000000000000e+00,0.0000000000000000e+00,
"576PDVS2",1,"P0000035",2.0000000000000000e+04,5.0454540000000001e+04,4.6999999999999997e-01," ",8.0727264000000005e+01,3.5999999999999999e-01,0.0000000000000000e+00,1.0000000000000000e-02,0.0000000000000000e+00,0.0000000000000000e+00,3.5000000000000000e+02,1.5000000000000000e+01,1.0000000000000000e+01,0.0000000000000000e+00,0.0000000000000000e+00,0.0000000000000000e+00," ",0.0000000000000000e+00,,,"P",,1.6000000000000000e+01,3.5999999999999999e-01,7.1000000000000005e+00,6.2000000000000000e+01,2.1700000000000000e+02,0.0000000000000000e+00,0.0000000000000000e+00,0.0000000000000000e+00,2.7900000000000000e+02,3.7000000000000000e-01,5.9999999999999998e-02,4.0000000000000001e-02,0.0000000000000000e+00,0.0000000000000000e+00,8.0727264000000005e+01,2.5227270000000002e+00,6.2500000000000000e+00,,0.0000000000000000e+00,2.3713630000000001e+04,0.0000000000000000e+00,0.0000000000000000e+00,0.0000000000000000e+00,0.0000000000000000e+00,
"576PDVS2",2,"P0000110",3.0000000000000004e-01,6.5400000000000000e+00,2.3065099999999998e+03," ",9.5919999999999982e+02,0.0000000000000000e+00,8.3333000000000004e+02,9.9000000000000000e+02,0.0000000000000000e+00,0.0000000000000000e+00,3.5000000000000000e+02,1.5000000000000000e+01,1.0000000000000000e+01,0.0000000000000000e+00,0.0000000000000000e+00,0.0000000000000000e+00," ",0.0000000000000000e+00,,,"P",,1.6000000000000000e+01,0.0000000000000000e+00,2.5000000000000000e+02,6.6000000000000000e+01,2.3100000000000000e+02,0.0000000000000000e+00,0.0000000000000000e+00,0.0000000000000000e+00,2.9700000000000000e+02,1.8233299999999999e+03,2.7350000000000000e+02,2.0968000000000001e+02,0.0000000000000000e+00,0.0000000000000000e+00,9.5919999999999982e+02,2.1799999999999997e+01,6.7500000000000018e+00,,0.0000000000000000e+00,1.5084580000000000e+04,0.0000000000000000e+00,0.0000000000000000e+00,0.0000000000000000e+00,0.0000000000000000e+00,
"576PDVS2",3,"P0003997",5.0000000000000000e+02,1.2727270000000000e+04,1.8700000000000001e+00," ",1.2218179200000000e+03,0.0000000000000000e+00,8.0000000000000004e-01,6.8000000000000005e-01,0.0000000000000000e+00,0.0000000000000000e+00,3.5000000000000000e+02,1.5000000000000000e+01,1.0000000000000000e+01,0.0000000000000000e+00,0.0000000000000000e+00,0.0000000000000000e+00," ",0.0000000000000000e+00,,,"P",,1.6000000000000000e+01,0.0000000000000000e+00,4.0000000000000000e+02,7.5000000000000000e+01,2.6250000000000000e+02,0.0000000000000000e+00,0.0000000000000000e+00,0.0000000000000000e+00,3.3750000000000000e+02,1.4800000000000000e+00,2.2000000000000000e-01,1.7000000000000001e-01,0.0000000000000000e+00,0.0000000000000000e+00,1.2218179200000000e+03,2.5454540000000001e+01,7.0833333333333339e+00,,0.0000000000000000e+00,2.3799990000000002e+04,0.0000000000000000e+00,0.0000000000000000e+00,0.0000000000000000e+00,0.0000000000000000e+00,
"576PDVS2",4,"P0005853",1.0000000000000000e+03,8.5340000000000000e+03,1.5190000000000000e+01," ",3.5842800000000005e+02,1.1000000000000000e+01,6.5000000000000002e-01,3.5999999999999999e-01,0.0000000000000000e+00,0.0000000000000000e+00,3.5000000000000000e+02,1.5000000000000000e+01,1.0000000000000000e+01,0.0000000000000000e+00,0.0000000000000000e+00,0.0000000000000000e+00," ",0.0000000000000000e+00,,,"P",,1.6000000000000000e+01,1.1000000000000000e+01,6.4500000000000000e+02,7.9500000000000000e+01,2.7825000000000000e+02,0.0000000000000000e+00,0.0000000000000000e+00,0.0000000000000000e+00,3.5775000000000000e+02,1.2010000000000000e+01,1.8000000000000000e+00,1.3799999999999999e+00,0.0000000000000000e+00,0.0000000000000000e+00,3.5842800000000005e+02,8.5340000000000007e+00,8.5714285714285694e+00,,0.0000000000000000e+00,1.2963146000000001e+05,0.0000000000000000e+00,0.0000000000000000e+00,0.0000000000000000e+00,0.0000000000000000e+00,
"576PDVS2",43,"P0005872",5.5000000000000000e+01,7.8546000000000004e+02,1.6140000000000001e+01," ",3.4274618181818187e+02,8.0700000000000003e+00,1.6599999999999999e+00,3.0299999999999998e+00,0.0000000000000000e+00,0.0000000000000000e+00,3.5000000000000000e+02,1.5000000000000000e+01,1.0000000000000000e+01,0.0000000000000000e+00,0.0000000000000000e+00,0.0000000000000000e+00," ",0.0000000000000000e+00,,,"P",,1.6000000000000000e+01,8.0700000000000003e+00,9.1209999999999994e+01,3.7000000000000000e+01,1.2950000000000000e+02,0.0000000000000000e+00,0.0000000000000000e+00,0.0000000000000000e+00,1.6650000000000000e+02,1.2760000000000000e+01,1.9099999999999999e+00,1.4700000000000000e+00,0.0000000000000000e+00,0.0000000000000000e+00,3.4274618181818187e+02,1.4281090909090910e+01,6.9437499999999988e+00,,0.0000000000000000e+00,1.2677320000000000e+04,0.0000000000000000e+00,0.0000000000000000e+00,0.0000000000000000e+00,0.0000000000000000e+00,
"576PDVS2",44,"CALBRE3",1.2000000000000000e+02,5.8909000000000003e+02,2.0020000000000000e+01," ",1.2763616666666667e+02,1.3070000000000000e+01,1.2000000000000000e+00,1.5600000000000001e+00,0.0000000000000000e+00,0.0000000000000000e+00,3.5000000000000000e+02,1.5000000000000000e+01,1.0000000000000000e+01,0.0000000000000000e+00,0.0000000000000000e+00,0.0000000000000000e+00," ",0.0000000000000000e+00,,,"P",,1.6000000000000000e+01,1.3070000000000000e+01,1.4357999999999998e+02,4.1500000000000000e+01,1.4525000000000000e+02,0.0000000000000000e+00,0.0000000000000000e+00,0.0000000000000000e+00,1.8675000000000000e+02,1.5830000000000000e+01,2.3700000000000001e+00,1.8200000000000001e+00,0.0000000000000000e+00,0.0000000000000000e+00,1.2763616666666667e+02,4.9090833333333332e+00,7.2000000000000002e+00,,0.0000000000000000e+00,1.1793580000000000e+04,0.0000000000000000e+00,0.0000000000000000e+00,0.0000000000000000e+00,0.0000000000000000e+00,
"576PDVS2",45,"TEGDG",2.0000000000000000e+00,2.4000000000000000e+01,4.8113000000000005e+02," ",9.6000000000000000e+02,0.0000000000000000e+00,6.3090000000000003e+01,3.1725000000000000e+02,0.0000000000000000e+00,0.0000000000000000e+00,3.5000000000000000e+02,1.5000000000000000e+01,1.0000000000000000e+01,0.0000000000000000e+00,0.0000000000000000e+00,0.0000000000000000e+00," ",0.0000000000000000e+00,,,"P",,1.6000000000000000e+01,0.0000000000000000e+00,1.2617000000000000e+02,1.4100000000000000e+02,4.9350000000000000e+02,0.0000000000000000e+00,0.0000000000000000e+00,0.0000000000000000e+00,6.3450000000000000e+02,3.8034000000000003e+02,5.7049999999999997e+01,4.3740000000000002e+01,0.0000000000000000e+00,0.0000000000000000e+00,9.6000000000000000e+02,1.2000000000000000e+01,7.9312500000000004e+00,,0.0000000000000000e+00,1.1547120000000001e+04,0.0000000000000000e+00,0.0000000000000000e+00,0.0000000000000000e+00,0.0000000000000000e+00,
"576PDVS2",46,"FEFF",2.0000000000000000e+00,2.4000000000000000e+01,2.6486000000000001e+02," ",4.9920000000000005e+02,4.5500000000000000e+01,7.9400000000000004e+00,1.5593000000000001e+02,0.0000000000000000e+00,0.0000000000000000e+00,3.5000000000000000e+02,1.5000000000000000e+01,1.0000000000000000e+01,0.0000000000000000e+00,0.0000000000000000e+00,0.0000000000000000e+00," ",0.0000000000000000e+00,,,"P",,1.6000000000000000e+01,4.5500000000000000e+01,1.5869999999999999e+01,6.9299999999999997e+01,2.4255000000000001e+02,0.0000000000000000e+00,0.0000000000000000e+00,0.0000000000000000e+00,3.1185000000000002e+02,2.0937000000000000e+02,3.1410000000000000e+01,2.4079999999999998e+01,0.0000000000000000e+00,0.0000000000000000e+00,4.9920000000000005e+02,1.2000000000000000e+01,7.4966346153846146e+00,,0.0000000000000000e+00,6.3566400000000003e+03,0.0000000000000000e+00,0.0000000000000000e+00,0.0000000000000000e+00,0.0000000000000000e+00,
"576PDVS2",47,"P0005888",2.0000000000000000e+01,1.3800000000000000e+02,2.8141000000000003e+02," ",3.8640000000000003e+02,2.0300000000000000e+02,1.0100000000000000e+00,1.8449999999999999e+01,0.0000000000000000e+00,0.0000000000000000e+00,3.5000000000000000e+02,1.5000000000000000e+01,1.0000000000000000e+01,0.0000000000000000e+00,0.0000000000000000e+00,0.0000000000000000e+00," ",0.0000000000000000e+00,,,"P",,1.6000000000000000e+01,2.0300000000000000e+02,2.0219999999999999e+01,8.2000000000000000e+01,2.8700000000000000e+02,0.0000000000000000e+00,0.0000000000000000e+00,0.0000000000000000e+00,3.6900000000000000e+02,2.2246000000000001e+02,3.3369999999999997e+01,2.5579999999999998e+01,0.0000000000000000e+00,0.0000000000000000e+00,3.8640000000000003e+02,6.9000000000000004e+00,6.5892857142857135e+00,,0.0000000000000000e+00,3.8834580000000002e+04,0.0000000000000000e+00,0.0000000000000000e+00,0.0000000000000000e+00,0.0000000000000000e+00,
"576PDVS2",48,"P0005893",3.5000000000000000e+01,7.8546000000000004e+02,6.5079999999999998e+01," ",9.3357531428571440e+02,4.3000000000000000e+01,3.4000000000000002e-01,8.0999999999999996e+00,0.0000000000000000e+00,0.0000000000000000e+00,3.5000000000000000e+02,1.5000000000000000e+01,1.0000000000000000e+01,0.0000000000000000e+00,0.0000000000000000e+00,0.0000000000000000e+00," ",0.0000000000000000e+00,,,"P",,1.6000000000000000e+01,4.3000000000000000e+01,1.2000000000000000e+01,6.3000000000000000e+01,2.2050000000000000e+02,0.0000000000000000e+00,0.0000000000000000e+00,0.0000000000000000e+00,2.8350000000000000e+02,5.1439999999999998e+01,7.7199999999999998e+00,5.9199999999999999e+00,0.0000000000000000e+00,0.0000000000000000e+00,9.3357531428571440e+02,2.2441714285714287e+01,6.8149038461538449e+00,,0.0000000000000000e+00,5.1117739999999998e+04,0.0000000000000000e+00,0.0000000000000000e+00,0.0000000000000000e+00,0.0000000000000000e+00,
"576PDVS2",49,"P0005894",1.5000000000000000e+01,6.4000000000000000e+01,2.2025000000000000e+02," ",8.5333333333333329e+01,1.5497999999999999e+02,8.3300000000000001e+00,1.0800000000000001e+01,0.0000000000000000e+00,0.0000000000000000e+00,3.5000000000000000e+02,1.5000000000000000e+01,1.0000000000000000e+01,0.0000000000000000e+00,0.0000000000000000e+00,0.0000000000000000e+00," ",0.0000000000000000e+00,,,"P",,1.6000000000000000e+01,1.5497999999999999e+02,1.2494000000000000e+02,3.6000000000000000e+01,1.2600000000000000e+02,0.0000000000000000e+00,0.0000000000000000e+00,0.0000000000000000e+00,1.6200000000000000e+02,1.7410999999999999e+02,2.6120000000000001e+01,2.0020000000000000e+01,0.0000000000000000e+00,0.0000000000000000e+00,8.5333333333333329e+01,4.2666666666666666e+00,8.1000000000000014e+00,,0.0000000000000000e+00,1.4096000000000000e+04,0.0000000000000000e+00,0.0000000000000000e+00,0.0000000000000000e+00,0.0000000000000000e+00,
"576PDVS2",50,"P0005895",2.0000000000000000e+03,1.2800000000000000e+04,1.2579999999999998e+01," ",2.7136000000000001e+02,9.7599999999999998e+00,2.9999999999999999e-02,1.6000000000000000e-01,0.0000000000000000e+00,0.0000000000000000e+00,3.5000000000000000e+02,1.5000000000000000e+01,1.0000000000000000e+01,0.0000000000000000e+00,0.0000000000000000e+00,0.0000000000000000e+00," ",0.0000000000000000e+00,,,"P",,1.6000000000000000e+01,9.7599999999999998e+00,6.0259999999999998e+01,7.0799999999999997e+01,2.4780000000000001e+02,0.0000000000000000e+00,0.0000000000000000e+00,0.0000000000000000e+00,3.1860000000000002e+02,9.9499999999999993e+00,1.4900000000000000e+00,1.1399999999999999e+00,0.0000000000000000e+00,0.0000000000000000e+00,2.7136000000000001e+02,6.4000000000000004e+00,7.5471698113207539e+00,,0.0000000000000000e+00,1.6102400000000000e+05,0.0000000000000000e+00,0.0000000000000000e+00,0.0000000000000000e+00,0.0000000000000000e+00,
"576PDVS2",51,"P0003897",1.0000000000000000e+01,5.2000000000000000e+01,1.2098999999999999e+02," ",1.7472000000000003e+02,6.7879999999999995e+01,1.9700000000000000e+00,2.5789999999999999e+01,0.0000000000000000e+00,0.0000000000000000e+00,3.5000000000000000e+02,1.5000000000000000e+01,1.0000000000000000e+01,0.0000000000000000e+00,0.0000000000000000e+00,0.0000000000000000e+00," ",0.0000000000000000e+00,,,"P",,1.6000000000000000e+01,6.7879999999999995e+01,1.9690000000000001e+01,5.7299999999999997e+01,2.0055000000000001e+02,0.0000000000000000e+00,0.0000000000000000e+00,0.0000000000000000e+00,2.5785000000000002e+02,9.5640000000000001e+01,1.4350000000000000e+01,1.1000000000000000e+01,0.0000000000000000e+00,0.0000000000000000e+00,1.7472000000000003e+02,5.2000000000000002e+00,7.6755952380952364e+00,,0.0000000000000000e+00,6.2914799999999996e+03,0.0000000000000000e+00,0.0000000000000000e+00,0.0000000000000000e+00,0.0000000000000000e+00,
"576PDVS2",52,"P0003898",1.0000000000000000e+01,1.4000000000000000e+01,1.1413000000000000e+02," ",4.7039999999999999e+01,6.2460000000000001e+01,1.9700000000000000e+00,2.5789999999999999e+01,0.0000000000000000e+00,0.0000000000000000e+00,3.5000000000000000e+02,1.5000000000000000e+01,1.0000000000000000e+01,0.0000000000000000e+00,0.0000000000000000e+00,0.0000000000000000e+00," ",0.0000000000000000e+00,,,"P",,1.6000000000000000e+01,6.2460000000000001e+01,1.9690000000000001e+01,5.7299999999999997e+01,2.0055000000000001e+02,0.0000000000000000e+00,0.0000000000000000e+00,0.0000000000000000e+00,2.5785000000000002e+02,9.0219999999999999e+01,1.3529999999999999e+01,1.0380000000000001e+01,0.0000000000000000e+00,0.0000000000000000e+00,4.7039999999999999e+01,1.3999999999999999e+00,7.6755952380952381e+00,,0.0000000000000000e+00,1.5978199999999999e+03,0.0000000000000000e+00,0.0000000000000000e+00,0.0000000000000000e+00,0.0000000000000000e+00,
"576PDVS2",53,"P0003820",2.6000000000000000e+01,4.0000000000000000e+01,3.6412000000000000e+02," ",6.5846153846153840e+01,2.7418000000000001e+02,1.2800000000000000e+00,1.2380000000000001e+01,0.0000000000000000e+00,0.0000000000000000e+00,3.5000000000000000e+02,1.5000000000000000e+01,1.0000000000000000e+01,0.0000000000000000e+00,0.0000000000000000e+00,0.0000000000000000e+00," ",0.0000000000000000e+00,,,"P",,1.6000000000000000e+01,2.7418000000000001e+02,3.3359999999999999e+01,7.1549999999999997e+01,2.5043000000000001e+02,0.0000000000000000e+00,0.0000000000000000e+00,0.0000000000000000e+00,3.2198000000000002e+02,2.8784000000000003e+02,4.3180000000000000e+01,3.3100000000000001e+01,0.0000000000000000e+00,0.0000000000000000e+00,6.5846153846153840e+01,1.5384615384615385e+00,7.5205607476635530e+00,,0.0000000000000000e+00,1.4564799999999999e+04,0.0000000000000000e+00,0.0000000000000000e+00,0.0000000000000000e+00,0.0000000000000000e+00,
"576PDVS2",54,"P0003821",2.2000000000000000e+01,9.2000000000000000e+01,3.6728000000000003e+02," ",1.7898181818181817e+02,2.7418000000000001e+02,1.5200000000000000e+00,1.4640000000000001e+01,0.0000000000000000e+00,0.0000000000000000e+00,3.5000000000000000e+02,1.5000000000000000e+01,1.0000000000000000e+01,0.0000000000000000e+00,0.0000000000000000e+00,0.0000000000000000e+00," ",0.0000000000000000e+00,,,"P",,1.6000000000000000e+01,2.7418000000000001e+02,3.3359999999999999e+01,7.1549999999999997e+01,2.5043000000000001e+02,0.0000000000000000e+00,0.0000000000000000e+00,0.0000000000000000e+00,3.2198000000000002e+02,2.9034000000000003e+02,4.3549999999999997e+01,3.3390000000000001e+01,0.0000000000000000e+00,0.0000000000000000e+00,1.7898181818181817e+02,4.1818181818181817e+00,7.5252336448598145e+00,,0.0000000000000000e+00,3.3789760000000002e+04,0.0000000000000000e+00,0.0000000000000000e+00,0.0000000000000000e+00,0.0000000000000000e+00,
"576PDVS2",55,"P0005708",3.5000000000000000e+01,1.4000000000000000e+01,1.0384400000000001e+03," ",1.6640000000000001e+01,8.1100000000000000e+02,9.8999999999999999e-01,8.9100000000000001e+00,0.0000000000000000e+00,0.0000000000000000e+00,3.5000000000000000e+02,1.5000000000000000e+01,1.0000000000000000e+01,0.0000000000000000e+00,0.0000000000000000e+00,0.0000000000000000e+00," ",0.0000000000000000e+00,,,"P",,1.6000000000000000e+01,8.1100000000000000e+02,3.4799999999999997e+01,6.9299999999999997e+01,2.4255000000000001e+02,0.0000000000000000e+00,0.0000000000000000e+00,0.0000000000000000e+00,3.1185000000000002e+02,8.2089999999999998e+02,1.2314000000000000e+02,9.4400000000000006e+01,0.0000000000000000e+00,0.0000000000000000e+00,1.6640000000000001e+01,4.0000000000000002e-01,7.4963942307692308e+00,,0.0000000000000000e+00,1.4538160000000000e+04,0.0000000000000000e+00,0.0000000000000000e+00,0.0000000000000000e+00,0.0000000000000000e+00,
"576PDVS2",56,"P0000160",5.0000000000000000e+01,3.6000000000000000e+03,1.1230000000000000e+01," ",5.1840000000000000e+03,0.0000000000000000e+00,5.9999999999999998e-02,8.8200000000000003e+00,0.0000000000000000e+00,0.0000000000000000e+00,3.5000000000000000e+02,1.5000000000000000e+01,1.0000000000000000e+01,0.0000000000000000e+00,0.0000000000000000e+00,0.0000000000000000e+00," ",0.0000000000000000e+00,,,"P",,1.6000000000000000e+01,0.0000000000000000e+00,3.0200000000000005e+00,9.8000000000000000e+01,3.4300000000000000e+02,0.0000000000000000e+00,0.0000000000000000e+00,0.0000000000000000e+00,4.4100000000000000e+02,8.8800000000000008e+00,1.3300000000000001e+00,1.0200000000000000e+00,0.0000000000000000e+00,0.0000000000000000e+00,5.1840000000000000e+03,7.2000000000000000e+01,6.1250000000000000e+00,,0.0000000000000000e+00,4.0428000000000000e+04,0.0000000000000000e+00,0.0000000000000000e+00,0.0000000000000000e+00,0.0000000000000000e+00,
"576PDVS2",57,"P0000147",8.0000000000000000e+01,4.6800000000000000e+03,7.5400000000000000e+00," ",4.7970000000000000e+03,0.0000000000000000e+00,8.0000000000000002e-02,5.8799999999999999e+00,0.0000000000000000e+00,0.0000000000000000e+00,3.5000000000000000e+02,1.5000000000000000e+01,1.0000000000000000e+01,0.0000000000000000e+00,0.0000000000000000e+00,0.0000000000000000e+00," ",0.0000000000000000e+00,,,"P",,1.6000000000000000e+01,0.0000000000000000e+00,6.7000000000000002e+00,1.0450000000000000e+02,3.6575000000000000e+02,0.0000000000000000e+00,0.0000000000000000e+00,0.0000000000000000e+00,4.7025000000000000e+02,5.9600000000000000e+00,8.9000000000000001e-01,6.8999999999999995e-01,0.0000000000000000e+00,0.0000000000000000e+00,4.7970000000000000e+03,5.8500000000000000e+01,5.7365853658536583e+00,,0.0000000000000000e+00,3.5287199999999997e+04,0.0000000000000000e+00,0.0000000000000000e+00,0.0000000000000000e+00,0.0000000000000000e+00,
"576PDVS2",58,"P0000176",3.0000000000000000e+01,1.3500000000000000e+03,6.5450000000000003e+01," ",1.8900000000000000e+03,3.8000000000000000e+01,5.1900000000000004e+00,8.5500000000000007e+00,0.0000000000000000e+00,0.0000000000000000e+00,3.5000000000000000e+02,1.5000000000000000e+01,1.0000000000000000e+01,0.0000000000000000e+00,0.0000000000000000e+00,0.0000000000000000e+00," ",0.0000000000000000e+00,,,"P",,1.6000000000000000e+01,3.8000000000000000e+01,1.5572000000000000e+02,5.7000000000000000e+01,1.9950000000000000e+02,0.0000000000000000e+00,0.0000000000000000e+00,0.0000000000000000e+00,2.5650000000000000e+02,5.1740000000000002e+01,7.7599999999999998e+00,5.9500000000000002e+00,0.0000000000000000e+00,0.0000000000000000e+00,1.8900000000000000e+03,4.5000000000000000e+01,6.1071428571428585e+00,,0.0000000000000000e+00,8.8357500000000000e+04,0.0000000000000000e+00,0.0000000000000000e+00,0.0000000000000000e+00,0.0000000000000000e+00,
"576PDVS2",59,"P0000645",1.0000000000000000e+03,8.3127299999999996e+03,4.1299999999999999e+00," ",8.6452391999999998e+02,2.2199999999999998e+00,2.9999999999999999e-01,7.3999999999999999e-01,0.0000000000000000e+00,0.0000000000000000e+00,3.5000000000000000e+02,1.5000000000000000e+01,1.0000000000000000e+01,0.0000000000000000e+00,0.0000000000000000e+00,0.0000000000000000e+00," ",0.0000000000000000e+00,,,"P",,1.6000000000000000e+01,2.2199999999999998e+00,3.0262000000000000e+02,1.6500000000000000e+02,5.7750000000000000e+02,0.0000000000000000e+00,0.0000000000000000e+00,0.0000000000000000e+00,7.4250000000000000e+02,3.2599999999999998e+00,4.8999999999999999e-01,3.8000000000000000e-01,0.0000000000000000e+00,0.0000000000000000e+00,8.6452391999999998e+02,8.3127300000000002e+00,7.1153846153846150e+00,,0.0000000000000000e+00,3.4331570000000000e+04,0.0000000000000000e+00,0.0000000000000000e+00,0.0000000000000000e+00,0.0000000000000000e+00,
"576PDVS2",60,"P0000647",1.0000000000000000e+03,9.3312000000000007e+03,4.0400000000000000e+00," ",9.7044480000000010e+02,2.1500000000000004e+00,2.9999999999999999e-01,7.3999999999999999e-01,0.0000000000000000e+00,0.0000000000000000e+00,3.5000000000000000e+02,1.5000000000000000e+01,1.0000000000000000e+01,0.0000000000000000e+00,0.0000000000000000e+00,0.0000000000000000e+00," ",0.0000000000000000e+00,,,"P",,1.6000000000000000e+01,2.1500000000000004e+00,3.0262000000000000e+02,1.6500000000000000e+02,5.7750000000000000e+02,0.0000000000000000e+00,0.0000000000000000e+00,0.0000000000000000e+00,7.4250000000000000e+02,3.1900000000000004e+00,4.7999999999999998e-01,3.7000000000000000e-01,0.0000000000000000e+00,0.0000000000000000e+00,9.7044480000000010e+02,9.3312000000000008e+00,7.1153846153846150e+00,,0.0000000000000000e+00,3.7698050000000003e+04,0.0000000000000000e+00,0.0000000000000000e+00,0.0000000000000000e+00,0.0000000000000000e+00,
"576PDVS2",61,"EDF-9004",1.0000000000000000e+03,6.2181800000000003e+03,4.1000000000000005e+00," ",1.2436360000000000e+03,1.5700000000000001e+00,2.9999999999999999e-01,1.3700000000000001e+00,0.0000000000000000e+00,0.0000000000000000e+00,3.5000000000000000e+02,1.5000000000000000e+01,1.0000000000000000e+01,0.0000000000000000e+00,0.0000000000000000e+00,0.0000000000000000e+00," ",0.0000000000000000e+00,,,"P",,1.6000000000000000e+01,1.5700000000000001e+00,3.0262000000000000e+02,3.0400000000000000e+02,1.0640000000000000e+03,0.0000000000000000e+00,0.0000000000000000e+00,0.0000000000000000e+00,1.3680000000000000e+03,3.2400000000000002e+00,4.8999999999999999e-01,3.7000000000000000e-01,0.0000000000000000e+00,0.0000000000000000e+00,1.2436360000000000e+03,6.2181800000000003e+00,6.8500000000000005e+00,,0.0000000000000000e+00,2.5494540000000001e+04,0.0000000000000000e+00,0.0000000000000000e+00,0.0000000000000000e+00,0.0000000000000000e+00,
"576PDVS2",62,"P0000648",5.0000000000000000e+02,2.8000000000000000e+04,1.0230000000000000e+01," ",5.4880000000000000e+03,6.7299999999999995e+00,1.0000000000000000e-02,1.3500000000000001e+00,0.0000000000000000e+00,0.0000000000000000e+00,3.5000000000000000e+02,1.5000000000000000e+01,1.0000000000000000e+01,0.0000000000000000e+00,0.0000000000000000e+00,0.0000000000000000e+00," ",0.0000000000000000e+00,,,"P",,1.6000000000000000e+01,6.7299999999999995e+00,3.2200000000000002e+00,1.5000000000000000e+02,5.2500000000000000e+02,0.0000000000000000e+00,0.0000000000000000e+00,0.0000000000000000e+00,6.7500000000000000e+02,8.0899999999999999e+00,1.2100000000000000e+00,9.3000000000000005e-01,0.0000000000000000e+00,0.0000000000000000e+00,5.4880000000000000e+03,5.6000000000000000e+01,6.8877551020408161e+00,,0.0000000000000000e+00,2.8644000000000000e+05,0.0000000000000000e+00,0.0000000000000000e+00,0.0000000000000000e+00,0.0000000000000000e+00,
"576PDVS2",63,"P0002330",4.0000000000000000e+01,1.5000000000000000e+03,6.8839999999999989e+01," ",3.3000000000000000e+03,3.5549999999999997e+01,3.2300000000000000e+00,1.5640000000000001e+01,0.0000000000000000e+00,0.0000000000000000e+00,3.5000000000000000e+02,1.5000000000000000e+01,1.0000000000000000e+01,0.0000000000000000e+00,0.0000000000000000e+00,0.0000000000000000e+00," ",0.0000000000000000e+00,,,"P",,1.6000000000000000e+01,3.5549999999999997e+01,1.2903999999999999e+02,1.3900000000000000e+02,4.8650000000000000e+02,0.0000000000000000e+00,0.0000000000000000e+00,0.0000000000000000e+00,6.2550000000000000e+02,5.4419999999999995e+01,8.1600000000000001e+00,6.2599999999999998e+00,0.0000000000000000e+00,0.0000000000000000e+00,3.3000000000000000e+03,3.7500000000000000e+01,7.1090909090909093e+00,,0.0000000000000000e+00,1.0326000000000000e+05,0.0000000000000000e+00,0.0000000000000000e+00,0.0000000000000000e+00,0.0000000000000000e+00,
"576PDVS2",64,"P0000211",1.6000000000000000e+01,6.0000000000000000e+01,2.5544000000000000e+02," ",5.1000000000000000e+02,9.7840000000000003e+01,4.7840000000000003e+01,5.6250000000000000e+01,0.0000000000000000e+00,0.0000000000000000e+00,3.5000000000000000e+02,1.5000000000000000e+01,1.0000000000000000e+01,0.0000000000000000e+00,0.0000000000000000e+00,0.0000000000000000e+00," ",0.0000000000000000e+00,,,"P",,1.6000000000000000e+01,9.7840000000000003e+01,7.6541999999999996e+02,2.0000000000000000e+02,7.0000000000000000e+02,0.0000000000000000e+00,0.0000000000000000e+00,0.0000000000000000e+00,9.0000000000000000e+02,2.0193000000000001e+02,3.0289999999999999e+01,2.3219999999999999e+01,0.0000000000000000e+00,0.0000000000000000e+00,5.1000000000000000e+02,3.7500000000000000e+00,6.6176470588235290e+00,,0.0000000000000000e+00,1.5326400000000000e+04,0.0000000000000000e+00,0.0000000000000000e+00,0.0000000000000000e+00,0.0000000000000000e+00,
"576PDVS2",65,"P0005904",6.5000000000000000e+01,3.3590000000000000e+03,2.4221999999999997e+02," ",2.2324430769230767e+04,1.4396999999999997e+02,4.8600000000000003e+00,4.2649999999999999e+01,0.0000000000000000e+00,0.0000000000000000e+00,3.5000000000000000e+02,1.5000000000000000e+01,1.0000000000000000e+01,0.0000000000000000e+00,0.0000000000000000e+00,0.0000000000000000e+00," ",0.0000000000000000e+00,,,"P",,1.6000000000000000e+01,1.4396999999999997e+02,3.1600000000000000e+02,6.1600000000000000e+02,2.1560000000000000e+03,0.0000000000000000e+00,0.0000000000000000e+00,0.0000000000000000e+00,2.7720000000000000e+03,1.9147999999999996e+02,2.8719999999999999e+01,2.2020000000000000e+01,0.0000000000000000e+00,0.0000000000000000e+00,2.2324430769230767e+04,5.1676923076923075e+01,6.4172453703703711e+00,,0.0000000000000000e+00,8.1361697999999998e+05,0.0000000000000000e+00,0.0000000000000000e+00,0.0000000000000000e+00,0.0000000000000000e+00,
"576PDVS2",66,"P0000653",1.9000000000000000e+03,1.2500000000000000e+05,1.0539999999999999e+01," ",1.9473684210526313e+04,7.1799999999999997e+00,8.9999999999999997e-02,1.0600000000000001e+00,0.0000000000000000e+00,0.0000000000000000e+00,3.5000000000000000e+02,1.5000000000000000e+01,1.0000000000000000e+01,0.0000000000000000e+00,0.0000000000000000e+00,0.0000000000000000e+00," ",0.0000000000000000e+00,,,"P",,1.6000000000000000e+01,7.1799999999999997e+00,1.6166000000000000e+02,4.4600000000000000e+02,1.5610000000000000e+03,0.0000000000000000e+00,0.0000000000000000e+00,0.0000000000000000e+00,2.0070000000000000e+03,8.3300000000000001e+00,1.2500000000000000e+00,9.5999999999999996e-01,0.0000000000000000e+00,0.0000000000000000e+00,1.9473684210526313e+04,6.5789473684210520e+01,6.8040540540540553e+00,,0.0000000000000000e+00,1.3175000000000000e+06,0.0000000000000000e+00,0.0000000000000000e+00,0.0000000000000000e+00,0.0000000000000000e+00,
"576PDVS2",67,"P0005902",1.0000000000000000e+03,1.6000000000000000e+05,8.5899999999999999e+00," ",7.8080000000000000e+04,0.0000000000000000e+00,3.5499999999999998e+00,3.2400000000000002e+00,0.0000000000000000e+00,0.0000000000000000e+00,3.5000000000000000e+02,1.5000000000000000e+01,1.0000000000000000e+01,0.0000000000000000e+00,0.0000000000000000e+00,0.0000000000000000e+00," ",0.0000000000000000e+00,,,"P",,1.6000000000000000e+01,0.0000000000000000e+00,3.5533200000000002e+03,7.2000000000000000e+02,2.5200000000000000e+03,0.0000000000000000e+00,0.0000000000000000e+00,0.0000000000000000e+00,3.2400000000000000e+03,6.7900000000000000e+00,1.0200000000000000e+00,7.8000000000000003e-01,0.0000000000000000e+00,0.0000000000000000e+00,7.8080000000000000e+04,1.6000000000000000e+02,6.6393442622950829e+00,,0.0000000000000000e+00,1.3744000000000000e+06,0.0000000000000000e+00,0.0000000000000000e+00,0.0000000000000000e+00,0.0000000000000000e+00,
"576PDVS2",68,"P0005815",9.0000000000000000e+01,1.0800000000000000e+04,2.2762000000000000e+02," ",5.0880000000000000e+04,1.3975999999999999e+02,1.0180000000000000e+01,3.0000000000000000e+01,0.0000000000000000e+00,0.0000000000000000e+00,3.5000000000000000e+02,1.5000000000000000e+01,1.0000000000000000e+01,0.0000000000000000e+00,0.0000000000000000e+00,0.0000000000000000e+00," ",0.0000000000000000e+00,,,"P",,1.6000000000000000e+01,1.3975999999999999e+02,9.1600000000000000e+02,6.0000000000000000e+02,2.1000000000000000e+03,0.0000000000000000e+00,0.0000000000000000e+00,0.0000000000000000e+00,2.7000000000000000e+03,1.7994000000000000e+02,2.6989999999999998e+01,2.0690000000000001e+01,0.0000000000000000e+00,0.0000000000000000e+00,5.0880000000000000e+04,1.2000000000000000e+02,6.3679245283018870e+00,,0.0000000000000000e+00,2.4582960000000000e+06,0.0000000000000000e+00,0.0000000000000000e+00,0.0000000000000000e+00,0.0000000000000000e+00,
"576PDVS2",69,"P0000822",1.5000000000000000e+02,2.0736000000000000e+04,1.9719999999999999e+01," ",9.9532800000000007e+03,1.2250000000000000e+01,4.0000000000000001e-02,3.2999999999999998e+00,0.0000000000000000e+00,0.0000000000000000e+00,3.5000000000000000e+02,1.5000000000000000e+01,1.0000000000000000e+01,0.0000000000000000e+00,0.0000000000000000e+00,0.0000000000000000e+00," ",0.0000000000000000e+00,,,"P",,1.6000000000000000e+01,1.2250000000000000e+01,6.4600000000000000e+00,1.1000000000000000e+02,3.8500000000000000e+02,0.0000000000000000e+00,0.0000000000000000e+00,0.0000000000000000e+00,4.9500000000000000e+02,1.5590000000000000e+01,2.3399999999999999e+00,1.7900000000000000e+00,0.0000000000000000e+00,0.0000000000000000e+00,9.9532800000000007e+03,1.3824000000000001e+02,6.8750000000000000e+00,,0.0000000000000000e+00,4.0891391999999998e+05,0.0000000000000000e+00,0.0000000000000000e+00,0.0000000000000000e+00,0.0000000000000000e+00,
"576PDVS2",70,"P0003174",1.8000000000000000e+02,1.3136000000000000e+04,1.9000000000000000e+01," ",8.7573333333333321e+03,7.1200000000000001e+00,3.3500000000000001e+00,4.5499999999999998e+00,0.0000000000000000e+00,0.0000000000000000e+00,3.5000000000000000e+02,1.5000000000000000e+01,1.0000000000000000e+01,0.0000000000000000e+00,0.0000000000000000e+00,0.0000000000000000e+00," ",0.0000000000000000e+00,,,"P",,1.6000000000000000e+01,7.1200000000000001e+00,6.0338000000000000e+02,1.8200000000000000e+02,6.3700000000000000e+02,0.0000000000000000e+00,0.0000000000000000e+00,0.0000000000000000e+00,8.1900000000000000e+02,1.5020000000000000e+01,2.2500000000000000e+00,1.7300000000000000e+00,0.0000000000000000e+00,0.0000000000000000e+00,8.7573333333333321e+03,7.2977777777777774e+01,6.8250000000000002e+00,,0.0000000000000000e+00,2.4958400000000000e+05,0.0000000000000000e+00,0.0000000000000000e+00,0.0000000000000000e+00,0.0000000000000000e+00,
"576PDVS2",71,"*ALBAÑ52",4.0000000000000000e+02,4.0320000000000000e+04,1.9110000000000003e+01," ",3.3062400000000001e+04,6.2300000000000004e+00,3.5099999999999998e+00,5.3600000000000003e+00,0.0000000000000000e+00,0.0000000000000000e+00,3.5000000000000000e+02,1.5000000000000000e+01,1.0000000000000000e+01,0.0000000000000000e+00,0.0000000000000000e+00,0.0000000000000000e+00," ",0.0000000000000000e+00,,,"P",,1.6000000000000000e+01,6.2300000000000004e+00,1.4025500000000000e+03,4.7600000000000000e+02,1.6660000000000000e+03,0.0000000000000000e+00,0.0000000000000000e+00,0.0000000000000000e+00,2.1420000000000000e+03,1.5100000000000001e+01,2.2700000000000000e+00,1.7400000000000000e+00,0.0000000000000000e+00,0.0000000000000000e+00,3.3062400000000001e+04,1.0080000000000000e+02,6.5365853658536590e+00,,0.0000000000000000e+00,7.7051519999999995e+05,0.0000000000000000e+00,0.0000000000000000e+00,0.0000000000000000e+00,0.0000000000000000e+00,
"576PDVS2",72,"P0000696",4.5000000000000000e+01,1.8260000000000000e+03,2.3329999999999998e+01," ",2.3535111111111109e+03,1.0069999999999999e+01,1.2000000000000000e-01,8.2500000000000000e+00,0.0000000000000000e+00,0.0000000000000000e+00,3.5000000000000000e+02,1.5000000000000000e+01,1.0000000000000000e+01,0.0000000000000000e+00,0.0000000000000000e+00,0.0000000000000000e+00," ",0.0000000000000000e+00,,,"P",,1.6000000000000000e+01,1.0069999999999999e+01,5.5800000000000001e+00,8.2500000000000000e+01,2.8875000000000000e+02,0.0000000000000000e+00,0.0000000000000000e+00,0.0000000000000000e+00,3.7125000000000000e+02,1.8439999999999998e+01,2.7700000000000000e+00,2.1200000000000001e+00,0.0000000000000000e+00,0.0000000000000000e+00,2.3535111111111109e+03,4.0577777777777776e+01,6.4008620689655178e+00,,0.0000000000000000e+00,4.2600580000000002e+04,0.0000000000000000e+00,0.0000000000000000e+00,0.0000000000000000e+00,0.0000000000000000e+00,
"576PDVS2",73,"P0000726",1.0000000000000000e+03,1.2380285000000001e+05,7.2999999999999998e+00," ",4.5559448800000006e+04,2.0000000000000000e+00,1.3799999999999999e+00,2.3900000000000001e+00,0.0000000000000000e+00,0.0000000000000000e+00,3.5000000000000000e+02,1.5000000000000000e+01,1.0000000000000000e+01,0.0000000000000000e+00,0.0000000000000000e+00,0.0000000000000000e+00," ",0.0000000000000000e+00,,,"P",,1.6000000000000000e+01,2.0000000000000000e+00,1.3842900000000000e+03,5.3100000000000000e+02,1.8585000000000000e+03,0.0000000000000000e+00,0.0000000000000000e+00,0.0000000000000000e+00,2.3895000000000000e+03,5.7699999999999996e+00,8.7000000000000000e-01,6.6000000000000003e-01,0.0000000000000000e+00,0.0000000000000000e+00,4.5559448800000006e+04,1.2380285000000001e+02,6.4945652173913038e+00,,0.0000000000000000e+00,9.0376081000000006e+05,0.0000000000000000e+00,0.0000000000000000e+00,0.0000000000000000e+00,0.0000000000000000e+00,
"576PDVS2",74,"P0000738",2.8800000000000000e+02,4.1472000000000000e+04,1.6280000000000001e+01," ",3.9168000000000000e+04,2.3600000000000003e+00,3.9600000000000000e+00,6.5499999999999998e+00,0.0000000000000000e+00,0.0000000000000000e+00,3.5000000000000000e+02,1.5000000000000000e+01,1.0000000000000000e+01,0.0000000000000000e+00,0.0000000000000000e+00,0.0000000000000000e+00," ",0.0000000000000000e+00,,,"P",,1.6000000000000000e+01,2.3600000000000003e+00,1.1397400000000000e+03,4.1900000000000000e+02,1.4665000000000000e+03,0.0000000000000000e+00,0.0000000000000000e+00,0.0000000000000000e+00,1.8855000000000000e+03,1.2870000000000001e+01,1.9299999999999999e+00,1.4800000000000000e+00,0.0000000000000000e+00,0.0000000000000000e+00,3.9168000000000000e+04,1.4400000000000000e+02,6.9352941176470582e+00,,0.0000000000000000e+00,6.7516416000000003e+05,0.0000000000000000e+00,0.0000000000000000e+00,0.0000000000000000e+00,0.0000000000000000e+00,
"576PDVS2",75,"ALBAÑ27",4.0000000000000000e+02,7.0260000000000000e+03,3.1460000000000001e+01," ",5.4802800000000007e+03,1.8460000000000001e+01,1.0000000000000001e-01,6.3099999999999996e+00,0.0000000000000000e+00,0.0000000000000000e+00,3.5000000000000000e+02,1.5000000000000000e+01,1.0000000000000000e+01,0.0000000000000000e+00,0.0000000000000000e+00,0.0000000000000000e+00," ",0.0000000000000000e+00,,,"P",,1.6000000000000000e+01,1.8460000000000001e+01,4.0040000000000006e+01,5.6100000000000000e+02,1.9635000000000000e+03,0.0000000000000000e+00,0.0000000000000000e+00,0.0000000000000000e+00,2.5245000000000000e+03,2.4870000000000001e+01,3.7300000000000000e+00,2.8599999999999999e+00,0.0000000000000000e+00,0.0000000000000000e+00,5.4802800000000007e+03,1.7565000000000001e+01,8.0897435897435876e+00,,0.0000000000000000e+00,2.2103795999999999e+05,0.0000000000000000e+00,0.0000000000000000e+00,0.0000000000000000e+00,0.0000000000000000e+00,
"576PDVS2",76,"ALBAÑ28",6.0000000000000000e+02,3.9800000000000000e+04,3.1450000000000003e+01," ",2.0696000000000000e+04,2.0580000000000002e+01,7.0000000000000007e-02,4.2100000000000000e+00,0.0000000000000000e+00,0.0000000000000000e+00,3.5000000000000000e+02,1.5000000000000000e+01,1.0000000000000000e+01,0.0000000000000000e+00,0.0000000000000000e+00,0.0000000000000000e+00," ",0.0000000000000000e+00,,,"P",,1.6000000000000000e+01,2.0580000000000002e+01,4.0040000000000006e+01,5.6100000000000000e+02,1.9635000000000000e+03,0.0000000000000000e+00,0.0000000000000000e+00,0.0000000000000000e+00,2.5245000000000000e+03,2.4860000000000003e+01,3.7300000000000000e+00,2.8599999999999999e+00,0.0000000000000000e+00,0.0000000000000000e+00,2.0696000000000000e+04,6.6333333333333329e+01,8.0961538461538467e+00,,0.0000000000000000e+00,1.2517100000000000e+06,0.0000000000000000e+00,0.0000000000000000e+00,0.0000000000000000e+00,0.0000000000000000e+00,
"576PDVS2",77,"P0002544",1.0000000000000000e+02,2.3040000000000000e+03,1.1858000000000000e+02," ",3.7785599999999999e+03,8.1500000000000000e+01,5.7999999999999996e-01,1.1660000000000000e+01,0.0000000000000000e+00,0.0000000000000000e+00,3.5000000000000000e+02,1.5000000000000000e+01,1.0000000000000000e+01,0.0000000000000000e+00,0.0000000000000000e+00,0.0000000000000000e+00," ",0.0000000000000000e+00,,,"P",,1.6000000000000000e+01,8.1500000000000000e+01,5.8149999999999999e+01,2.5900000000000000e+02,9.0650000000000000e+02,0.0000000000000000e+00,0.0000000000000000e+00,0.0000000000000000e+00,1.1655000000000000e+03,9.3739999999999995e+01,1.4060000000000000e+01,1.0779999999999999e+01,0.0000000000000000e+00,0.0000000000000000e+00,3.7785599999999999e+03,2.3039999999999999e+01,7.1097560975609753e+00,,0.0000000000000000e+00,2.7320832000000001e+05,0.0000000000000000e+00,0.0000000000000000e+00,0.0000000000000000e+00,0.0000000000000000e+00,
